state,stressor,year,January-March,April-June,July-September,October-December
A*lab@ama,Di+sesase@s,2015,NA,NA,NA,0.2
Alabama,&Dise@s+ases,2016,4.3,0.3,NA,0.2
A$labam(a,Disesas@e+s,2017,0.2,NA,NA,8.8
A+labama,Dise%sas-es,2018,1.9,1.2,0.7,1.3
Alabama,Disesases,2019,1.8,NA,2.9,0.6
Al.abama,Disesas(e%s,2020,NA,1.6,NA,15.4
Ala&bama,D&ise%s!a(s*e&s,2021,NA,0.5,NA,NA
Alabama,O^ther,2015,9.1,3.2,2.2,2.8
Alabama,Ot-her,2016,2.4,4.8,3.2,6.7
Alabama,Other,2017,7.5,9.4,7.5,1.7
$Alabam#a,@O#th_er,2018,8.6,11.5,7.8,3.4
Alabama,Other,2019,3.1,NA,9.7,9
Al-a$ba(ma,Ot^h^er,2020,1.7,7.9,5.4,2.3
Alabama,O@the$r,2021,3.1,5.8,NA,NA
Alab&ama,Other_ pests/pa&r(asites,2015,5.4,42.5,70.6,6.4
Alabama,O*ther! pe@sts/parasites,2016,22,8.2,42,9.9
Alaba#ma,$Oth#e@r pests/pa&rasi)t)es,2017,10.9,13.6,22.1,10.1
Alabama,O#the%r )pe^sts/par*a+sites,2018,30.2,25.5,69.4,20.5
Alabama,Ot+her p.es&ts/(parasites,2019,22.7,NA,24.6,26.7
A$labama,Ot(he*r pests/para$si#tes,2020,3.4,18,29.1,43.2
A-labama,+O-ther p^e+s$ts/para+si!tes,2021,30.3,45,NA,NA
Alabama,Pesticid-es,2015,2.2,2.3,2.6,0.2
Alabama,P.e-stic_ide)s,2016,8.1,1.7,3.8,2.4
Alab#ama,^P*esticide*s,2017,3.6,4.2,35.4,9.5
Alabama,Pesti&cid#es,2018,14.9,13.1,14.6,1.5
Alabama,$Pe(stic!ides,2019,0.3,NA,0.2,4.9
Al%abama,Pe$st+ici!d+es,2020,0.1,7.7,12,2
Alabama,-Pest$icide+s,2021,NA,2.1,NA,NA
Alaba&ma,$U!nknown,2015,9.4,4.1,17.7,1.9
Alabama,U#nkn_ow_n,2016,11.3,5.4,13.8,3.3
Alabama,Unk*nown,2017,10.4,5.3,3.9,5.2
Alabama,Un*kn^own,2018,4.5,2.1,6.8,7.5
Alaba#ma,Unkn@own,2019,9,NA,6.4,11.3
A&laba*ma,U&n.kn-own,2020,4.3,9.5,11.7,16.9
Alabama,Unknow#n,2021,4,26,NA,NA
Alabama,Var(ro^a m%ites,2015,10,16.7,63.1,3.1
Alabama,Varro.a% #mite+s,2016,24.2,9.6,11.7,12.3
!Alabama,Var)roa mites,2017,15.3,17.9,69.5,22.3
Al!abama,Var$r%o$a +mites,2018,29.2,23.6,77.5,20.6
(Ala#bama,-Var)ro+a( !m$i$t_es,2019,27.2,NA,30.6,46.7
Alabama,_Varr^o*a %mit*e)s,2020,12.4,28.5,64.9,50.8
Alab%ama,^Varr_oa mites,2021,52.2,55.2,NA,NA
Ariz)ona,D$ise+sas_es,2015,0.1,0.5,5.4,1.1
Arizona,Disesa#ses,2016,NA,17.2,0.9,2.3
Arizona,Dis*esas&e+s,2017,3.8,19.4,0.5,2.3
Arizona,Dise^s#a.ses,2018,4.6,33.2,4.5,3.1
Arizona,!Dise@s@as^es,2019,6.5,NA,2.7,0.4
Arizona,Dis&esases,2020,0.1,NA,1.9,NA
Arizona,@Disesases,2021,5.9,3.6,NA,NA
Arizona,Ot$her,2015,1.8,28.2,7.6,0.5
Arizona,Other,2016,6.5,17.4,13.4,4.3
Arizona,Other,2017,6.5,20.1,12.4,4.1
Ariz*o+na,Other,2018,7.9,14.5,15,7.1
&Arizo*na,O(ther,2019,8.4,NA,13.2,4
Arizona,Ot+h*er,2020,10.1,5.5,9.3,2.3
Arizona,O#ther,2021,0.5,7.1,NA,NA
A(rizona,Oth%er p*es&ts/pa!r.asites,2015,20.5,32.1,24.8,1.7
Arizona,Other p&ests/.par(asit.es,2016,2.8,47.5,1,15.5
Arizona,Oth%er pests/para&s.ites,2017,2.1,15.6,0.4,4.2
Arizon#a,Oth+er! pests./p#arasites,2018,4.3,7.3,2.3,8.3
A+rizona,Other @pe_sts/.parasit+e&s,2019,7.9,NA,9.9,1.5
Arizona,O+t&he!r pes!ts/parasites,2020,0.1,NA,NA,NA
Arizona,&O$t*her% pests_/p(ar%a!sit)e^s,2021,5.9,NA,NA,NA
Arizona,%P-esticides,2015,NA,20.1,17.3,3.5
A!rizona,Pesticide.s,2016,7.7,12,13.5,6.5
Arizona,^Pestic&ides,2017,1.7,12.2,1.1,1.6
Arizona,P)estici+des,2018,15.3,0.8,3.8,NA
Arizon#a,Pe!st%ici@de@s,2019,16.2,NA,11.4,23.3
#Arizona,Pe$st)i+cid^es,2020,NA,4.2,1.7,4.5
Arizona,Pes)ticide@s,2021,NA,1.2,NA,NA
Arizona,$Un_kno^wn,2015,3.1,0.3,5.1,15.5
Ar^izo$na,!U.nk&n%own,2016,7.2,3.5,8.9,3.2
Arizona,Un*kn%own,2017,2.1,0.7,6.3,0.1
Arizo@na,_U+nkno@wn,2018,4.2,3.7,27.6,3
Ari*zona,Un*kn(own,2019,0.2,NA,0.6,2.9
%Arizon)a,Unk_n(own,2020,9,0.6,12.2,18.3
@Arizona,^Un@kno_wn,2021,4.2,6.9,NA,NA
Ariz-ona,Varroa% mite$s,2015,26.9,8.4,53.5,50.1
Arizona,Varr_oa+ mites,2016,32.8,26.8,41.7,98.8
Arizona,V(arr#oa* +mit&e$s,2017,35.6,57.8,19.8,61.6
Arizona,(Va#rr*oa mites,2018,36.3,48.8,52.5,20.6
Arizona,Varroa mites,2019,25.8,NA,29,53.9
Arizona,Varroa mites,2020,31.7,22.1,24.1,22.5
Arizona,V^arroa m(ite%s,2021,4.6,6.4,NA,NA
Arkansas,D-isesases,2015,1.5,7,0.9,0.1
Arkansas,$Di)sesase&s,2016,NA,5.5,0.4,NA
Arkansas,Dise!sa_ses,2017,NA,2.4,NA,26.6
Arkansas,D!isesas&es,2018,1,0.9,0.1,NA
Arkansas,Di#sesase_s,2019,3.3,NA,6.8,1.4
Arkansas,-Dis!e.sas+es,2020,0.2,5.1,3.9,1.7
Arkan-sas,^Dis#esa-ses,2021,NA,5.9,NA,NA
Arkansas,O_th^er,2015,1,27.4,1.8,8.5
Arkansas,O@ther,2016,1.9,3.4,2.7,1.1
Ark#ans(a&s,_O@t^he@r,2017,3.6,3.4,9.3,24.1
Arkansas,Other,2018,4.6,11.4,0.5,5.3
Ark(ansas,!Other,2019,0.7,NA,6.9,12.5
A&rkansas,O_ther,2020,0.4,2.1,1.3,5.9
Arkansas,Ot(her,2021,3.8,2.1,NA,NA
Arkansas,Oth+er* $pests/p+arasi#tes,2015,11.4,63.4,32.4,9.7
.Arka+nsas,Ot_her pest%s/p@aras-it_e@s,2016,7,8.5,9,4.8
@Arkansas,Other p@ests/+pa-ras&ites,2017,13.8,12.2,9.1,29.2
Arkansas,O.th@er pe!sts/parasite$s,2018,9.6,16,7.8,7.1
Ar.kansas,#O*th.e@r pest%s/par_a_si@te$s,2019,1.5,NA,19.7,39.7
Arkansas,O@ther) pests/p-a_ras*ites,2020,22.7,15.3,15.6,12.9
Ar@kansas,O(t+her !pes#ts/paras%ite)s,2021,19.6,23,NA,NA
Ar^kansa#s,Pe+st_ic@i_d$es,2015,3.4,22.6,5,8.2
Ar+kansas,Pe-st@ici@des,2016,0.5,0.1,7.9,1.3
Arka*nsas,Pe+s+ti&ci*des,2017,0.3,4.9,17,31
Ar@kansa)s,-P^esticid$es,2018,23,2.8,17.6,73.5
Arkansas,#Pestic^ides,2019,55.3,NA,50.5,7.8
Arkansas,Pe^s.ti-cides,2020,2.6,24.6,13.9,12.8
Arkansas,Pest$icid.es,2021,14.2,2.9,NA,NA
Arkan@sas,(Unk@no^wn,2015,1,9.3,1.4,0.6
Ark+ansas,-Unknow-n,2016,8.1,1.6,0.3,3.3
&Arkansas,Unkn#own,2017,0.6,3.1,2.3,0.4
Arkansas,Unkno#wn,2018,13.9,16.6,0.6,2.2
Ar.kansas,Un!known,2019,2.9,NA,39.3,32.8
)Arkansas,Unkno(wn,2020,11.2,12.4,8.6,5.7
A!rkansas,Unk$nown,2021,2.6,3.7,NA,NA
Arkansas,Varr+oa^ mites,2015,17.6,65.9,69.2,38.1
Arkans.as,Varroa_ mites,2016,57.5,84.9,80.7,21.1
Ark-ansas,!V^ar$r@oa@ mite$s,2017,23.7,24.5,61.4,37.5
Ar^kansas,%Var*r)oa* &mites,2018,21.1,35.5,29.9,82.8
Arkan@sas,$Varroa mit!es,2019,19.5,NA,53.2,47.7
A(rkansas,Var(roa &m!i@te_s,2020,31.7,40.5,33.9,43.1
Arkansas,Varroa. m+ites,2021,28.5,44,NA,NA
California,-Dise-sa_ses,2015,3,7.8,12.5,6.2
Californi*a,D&ises(a&ses,2016,9,11.2,8.5,8
Ca)lifor(n+i.a,Di-sesa+ses,2017,7.6,2.9,5.6,7.4
)California,!Disesa.ses,2018,4.8,11.2,4.5,9.8
Ca+lifornia,Dises-ases,2019,6.4,NA,8.7,5.2
Cali-fornia,Disesa#ses,2020,5,3.9,7.3,7.1
California,Dises(ases,2021,1.7,7.7,NA,NA
California,Oth)er,2015,6.5,14.2,15,10.5
California,Ot#h^e&r,2016,8.4,15.3,10.4,9.6
California,Oth$er,2017,6.6,4.7,10.1,17.1
California,&O)th.er,2018,8,9.1,12,9.3
California,Othe*r,2019,8.7,NA,11.1,8
Ca)l(i_fornia,O@ther,2020,5.3,7.5,8.1,4.2
Californi.a,$O@ther,2021,6.2,11.6,NA,NA
California,Other pests@/par@asi)tes,2015,7.2,21.5,20.4,12.7
California,Oth&e+r- pests/pa&rasites,2016,15.2,14.1,17.8,13.7
Cali+fornia,Other pe+s^ts/parasi$tes,2017,12.8,7.5,15.8,14.1
Califor&ni.a,Ot%h#e&r pes!ts_/para_sites,2018,11.3,10.2,6.6,16.6
Calif-orni-a,O_t)her pe%s#ts/pa$rasites,2019,13.4,NA,11.5,10.9
Calif_ornia,Other +pe.st+s/para.sites,2020,6,4.7,11.4,11.1
California,O&ther pests/parasit*es,2021,5.7,11.5,NA,NA
California,Pest!ic-id-es,2015,7.5,23,19.6,11.7
California,P%es#ticides,2016,12.6,14.2,18.8,9.1
California,Pe^sti-ci%des,2017,9.2,12.4,13.4,17
Californ@ia,$P*esticide+s,2018,11.5,13.8,17.8,11.6
California,Pesti(c^id.es,2019,12.3,NA,16,11.3
California,$Pesticid@es,2020,5.3,5.4,6.3,4.8
California,Pestici-de*s,2021,7.2,16.1,NA,NA
California,Unknown,2015,2.8,3.1,4.7,7.3
.California,*Unk+now&n,2016,4.3,2.6,6.9,3.5
California,Unknown,2017,6.3,3,3.6,6.3
C-alifo!r^ni!a,+Unkn@o!wn,2018,4.9,5.1,3.6,7.1
Califo_rnia,Unknown,2019,5.6,NA,3.2,5
C^ali^for(nia,Un%know$n,2020,4.2,3,3.6,4
California,Unkno$wn,2021,3.4,3.8,NA,NA
Ca-lif*o^rnia,Varroa mites,2015,24.7,50.9,39.9,37.3
California,Var_roa# mites,2016,38.5,49.7,42.2,41.9
Ca^lifornia,Varr)oa^ mit-es,2017,38,36.1,42.3,47.9
California,$V!arr!oa mi.tes,2018,41.4,41.9,57.3,44.1
California,-Va^rroa m_ites,2019,43.5,NA,49,40.5
California,V#arr$o.a m-ites,2020,22.4,33.4,33.9,45.5
C.alifornia,Varro$a *mites,2021,29.9,42.4,NA,NA
Colorado,D@ises!a-ses,2015,1.8,4.6,2.7,21.2
Colorado,Dises(as%e*s,2016,0.6,3.3,16.8,0.1
Colorado,Dise^s#ases,2017,NA,5.3,2.6,0.2
Colorado,D+isesases,2018,3.8,13.1,5.6,1
Colorado,Dis#esa_s-es,2019,NA,NA,4.8,NA
Colorado,Dis!esases,2020,0.1,0.1,NA,NA
Colorado,Di&se*sases,2021,NA,NA,NA,NA
Colorado,Other,2015,2.6,3.4,3.7,8.4
Colorado,Other,2016,3,2.6,10.6,13
Colorado,Other,2017,2.6,4.7,7.8,15.5
)Colora)do,^O@ther,2018,13.7,4.3,8.5,6.1
Colorado,Ot*h)er,2019,2.5,NA,9.4,2.6
Colo%rado,Other,2020,10.8,0.5,6.3,0.9
Colorado,O*t%her,2021,1.1,NA,NA,NA
Colorad&o,Ot+her$ pes$ts/pa(rasites,2015,0.9,1.8,1.5,24.4
Color+ado,^Other! *p@ests/^p$a)rasi@t-e$s,2016,4.7,0.8,22.4,1.3
C+o*lorado,-Other^ pe&sts/pa_rasites,2017,NA,0.9,1.4,0.7
Colorado,+Other pests/pa$ras&it$e)s,2018,0.8,NA,16.6,5.9
Colorado,^Other pes%ts*/pa-r^as^ite%s,2019,0.3,NA,12.5,1.5
Colorado,Other pests/!paras^ites,2020,NA,0.1,1.1,NA
Colora&do,Ot*her pests/parasi*tes,2021,NA,NA,NA,NA
Colora)do,Pestic-i(des,2015,0.6,2.8,16.5,19.7
Colorado,$Pesticide@s,2016,0.3,1.4,24.6,3.1
Colorado,Pest%ic)ides,2017,0.9,3.2,9.1,20
Colorado,-Pesti$cides,2018,0.5,3.7,2.9,NA
Colorado,P!e%stic+i%de-s,2019,NA,NA,10.2,15.3
C@o$lorad+o,^Pe(sticides,2020,0.4,NA,NA,NA
Colorado,Pest+ic!id!es,2021,NA,NA,NA,NA
Colorado,Unknown,2015,5.9,6.6,2.7,1.8
Colo%r#ado,+Unkno)wn,2016,0.2,0.3,0.1,0.1
Co@lorado,Unkn+own,2017,0.4,0.1,1.4,5.3
Colorado,Unknown,2018,2.4,0.4,4.5,1.2
Colorado,@Unk*no*wn,2019,0.6,NA,1,0.8
Colorado,-Un!known,2020,2.4,2.5,19.8,1.5
Color%ado,Unk)nown,2021,7.8,3.3,NA,NA
C(olo&rado,#Varroa m(ites,2015,14.6,38.6,50.5,47.6
Colorado,V+arr^oa m_ites,2016,3.5,38.7,49.3,32.4
Colorado,V(a_rr+o@a mites,2017,17,31.6,52.9,30.2
Colorad.o,+V%a%r^ro%a! mit.es,2018,31.7,42.8,72.6,73.2
Colorado,Va.rro-a mite%s,2019,11.2,NA,79.8,67.7
C&ol_orado,V&arro@a! m^ite)s,2020,20.8,35.4,23.1,14.9
Colorado,Va&rroa m&ite#s,2021,2.1,47.6,NA,NA
Connecticu+t,$Dis#esa@ses,2015,NA,1.9,0.4,0.5
Connecti*cut,D#i_se@sa!ses,2016,0.2,0.5,NA,1.1
Conne+ctic+ut,Disesases,2017,NA,NA,0.1,NA
*Connec$tic(ut,Disesas!es,2018,NA,0.4,NA,2.3
-Connecticut,Dises^a)ses,2019,NA,NA,2.4,2.4
Connecti+cut,D#ises*as#e^s,2020,0.4,NA,NA,0.1
Con(necticut,Di$s^esa&ses,2021,NA,0.1,NA,NA
Connec(ticut,%O%ther,2015,21.2,1,7.8,3.4
Connecticut,Oth.er,2016,7.7,4.4,5,5.8
Connecticut,-O^th.er,2017,6.1,2,13,1.6
!Connecticu#t,!Other,2018,7.7,0.8,2.5,4.2
Connecticut,O_ther,2019,3.6,NA,3.9,1.7
Con-ne+ct#icut,Ot+he.r,2020,2.8,0.1,4,4.3
Con*necticu$t,Othe-r,2021,1.6,1.2,NA,NA
C#on!necti_cut,Other pe_sts/pa%rasi-t-es,2015,1.4,0.4,1.2,1.7
Con+ne-cticut,Other pests/_p&ar&a.sites,2016,0.8,0.6,1.6,6.6
Connecticut,Other pests!/parasites,2017,1.5,0.2,1.5,2.8
Co+nne!ctic#ut,!Oth*e%r pests/parasites,2018,0.7,0.9,NA,3.6
Connectic*ut,Ot+her pests/+pa^ra%si*tes,2019,1.3,NA,6.9,11.1
$Co^nnecticut,Oth^e%r. pe#sts/$para+sit(es,2020,2.9,2.1,1.4,0.9
Connecticut,Oth&er p_e#sts#/pa^ra+si.tes,2021,3.5,0.7,NA,NA
C&onnecticut,Pesti)ci+des,2015,NA,0.8,1.5,1.1
Connectic*ut,Pe_stic*ides,2016,NA,0.3,0.2,1
Connecticut,Pesti#c)id^es,2017,NA,0.5,NA,0.6
.Co!n%n.ecticut,Pes-ticides,2018,0.8,0.8,1.4,0.9
+Conne.c^tic!ut,P(esticides,2019,NA,NA,NA,NA
Connecticut,Pesticide)s,2020,NA,NA,NA,NA
Connecticut,Pes(ticid_es,2021,0.5,NA,NA,NA
C)onnec&ticut,-Unknow!n,2015,2.4,0.7,NA,2
Connec_ticut,U$nkno(w(n,2016,1.7,1.2,0.8,3.2
Connecti_cu$t,U(nknown,2017,5.6,0.7,NA,1.6
Connecticut,-Unknow)n,2018,3.5,0.4,1.2,2.3
Connecti-cu*t,$Unknown,2019,1.7,NA,0.5,1.6
Connecticut,Unknown,2020,3,0.6,NA,8.2
Conne$cticut,!U#n^know%n,2021,1,NA,NA,NA
Connecticut,V$arr.oa mites,2015,2.5,10.2,39.3,10.5
!Connecticut,V_arroa mi$te!s,2016,12.3,9.3,18.8,14.7
Connecticut,Varr*oa (mite.s,2017,51.5,9.7,25.1,36.4
Connecticut,V*a&rroa m&i.tes,2018,14.5,11.1,13,12.5
Connecticut,^V)arroa mi#t(es,2019,10.1,NA,24.3,22.2
Connecti+cut,Varroa m(it*e^s,2020,11.2,14.8,20.2,49.4
_Con*necti+c&ut,Varro*a m*it_e*s,2021,17.8,16,NA,NA
Florida,Dise*sases,2015,0.8,2.7,6.7,2.5
Florida,D+i!se*sases,2016,0.5,10,2.7,7.7
Flori*da,D+is@e#s*ase)s,2017,1.5,6.1,3.7,7.5
Florid&a,#Dise!s)as!e!s,2018,4.5,9.7,4.2,9
F(l(orida,D&is(esase)s,2019,5.5,NA,6.3,7.8
Fl)orida,)Di!sesases,2020,5.5,3.2,12.8,10.4
Florid+a,Dises*ase!s,2021,5.6,4.3,NA,NA
Florida,Other,2015,5.1,13.6,21.9,3
Fl$orida,Other,2016,1.9,10.1,8.5,13.6
Florida,Other,2017,6.2,6.4,11.4,7.6
^Fl.orida,Other,2018,5.5,10.1,14.3,8
Flor!ida,Other,2019,7.4,NA,11.7,7.8
F)lorida,Othe.r,2020,8.7,5.5,7.9,2.3
Flor_ida,+O+ther,2021,6.3,6.3,NA,NA
Flor*ida,.Othe!r_ pest!s/!parasites,2015,13.5,26.4,21.7,18.4
Florida,Ot$h(er pests/p&ara_s$it-e@s,2016,6.3,23.3,23.4,27.1
F+lorida,Oth(er $pe(sts/)parasites,2017,14.8,14.3,13.2,16.8
Flori&da,Othe.r &pe@sts/-parasites,2018,15.3,27.6,20.5,22.4
Florid!a,Other _pes_ts@/p(arasites,2019,24.8,NA,20.7,25.6
*Fl_or!ida,Other- pe-sts/$pa_rasit+es,2020,14.2,15.2,19.9,21.7
Florida,Other pests/pa^r-asit(es,2021,11.9,22.8,NA,NA
Flor*ida,Pesti*cides,2015,8.9,17.7,22.9,6.8
Fl-orid$a,Pest$i^c-id@es,2016,5.4,11.6,9.9,17
Florida,@Pes_ticid^e#s,2017,14.2,9,6.3,10.4
F@lorid%a,^P@estic@ides,2018,9.2,15.6,7.6,14.1
Fl!orida,^Pesticides,2019,22.9,NA,18.2,11.7
Florida,*Pesti&ci^des,2020,5.3,5.5,14.8,19.6
Florida,Pesticid&es,2021,6.6,10.2,NA,NA
Flo&rida,Unkno%w$n,2015,4.4,5.4,3.4,4.2
-Florida,Un_know!n,2016,1.5,2,1.8,6.5
Florid.a,Unkn-own,2017,17.9,18.6,21.5,26.2
Florida,Unk@n(o(wn,2018,16,21.1,9.8,6.7
Florida,Unkno#w@n,2019,5.5,NA,10.8,4.8
Florida,!Unknown,2020,10.9,7.5,10.9,7.5
Flo(rid)a,Unknow&n,2021,3.4,7.7,NA,NA
Florida,)Va-rroa mites,2015,22.3,44.2,39.5,27.3
#Flor)ida,Varroa m@i-tes,2016,21.7,48.2,45.1,30.9
Florida,V.arroa mites,2017,37.6,36.3,42.9,41.4
Flori(da,Varroa mites,2018,31.7,45,35,46.7
Florida,Varroa mites,2019,46.9,NA,44.9,43.5
Florida,$Varroa mit(es,2020,28,31.4,42.2,45.7
Fl&orida,*Varroa ^m(ites,2021,34.7,43.3,NA,NA
Georgia,Dise&s.ases,2015,3.3,2.9,3.6,5.3
Georgia,Disesa+ses,2016,2.1,2,2.4,3.7
Georgia,Dises%a&ses,2017,0.2,1,2.3,12.3
Georgia,Dis.e*sas_es,2018,0.9,13.9,2.4,9.2
Georgia,D)isesa_s^e-s,2019,7.4,NA,1.6,5.6
Geor.gi$a,Dis*esases,2020,0.2,7.1,3.5,1.8
Georgi^a,Di)se&s(ases,2021,8.9,5.2,NA,NA
+Georgia,O.ther,2015,4.8,11.5,8.9,3.7
Geo&rgia,Other,2016,3.1,11.7,7.6,4.1
)Georgia,^O)t*her,2017,4.4,6.3,15.1,3.6
Georgia,Ot-her,2018,27.1,31.6,6,5.6
^Georgia,O.t^her,2019,10.6,NA,17.1,2.6
Georgia,Oth_er,2020,0.4,8.1,5.3,1.9
Georgia,@Other,2021,4.1,5.2,NA,NA
Geo*rgia,Oth.er+ pests/parasites,2015,4.9,17.5,16.2,13.9
Geor%gia,#Other pes-ts/p-arasites,2016,7.7,28.4,16.4,8.6
Geo%rgia,Other p$ests@/-p*arasites,2017,7,5.6,18,15.1
Ge)o^rgia,O(ther )pests/p&ar.asite^s,2018,18.7,25.6,20.4,17.4
Georgia,@Othe(r p(es&ts./p!ara.si.te#s,2019,17.8,NA,18.6,18.2
Georgia,Other pes_ts/parasites,2020,3.4,20.2,22.5,12.9
Georgia,Ot$h+e%r pest.s/par!a_s&ite)s,2021,14.4,13.7,NA,NA
-Georgia,Pesticid&es,2015,2.6,28.7,21.2,4.5
Georg%ia,Pe(s_ticid.es,2016,21.3,28.4,12.1,7.6
Georg%ia,Pesticides,2017,2.6,6.7,14.1,15.3
Georgia,Pestici.des,2018,14.8,14.8,27.7,6.9
Georg&ia,Pestici^d!es,2019,9.6,NA,25.8,9.1
Georgia,Pest(ic$i@d$es,2020,0.3,3,3.4,7.5
Geor)gia,.P+e@s+ti$c+ides,2021,1.5,2.8,NA,NA
Georgia,^Un!know&n,2015,10.5,4.1,3.6,1.3
&Georgia,Un^known,2016,3.9,2.7,4.5,2.5
Georgia,U(nk*n+ow_n,2017,1.8,2.8,6.9,4.6
G%eorgia,Un+kn%o.w@n,2018,2.1,9.6,7.2,7.8
Georgia,^Un#kno@w*n,2019,4.9,NA,4.6,4.4
Georgia,Unknown,2020,7.5,13.8,13,6.7
Georgia,Unkno)wn,2021,4.6,5.8,NA,NA
Georg)ia,Var-ro-a+ mites,2015,6.2,52.8,47.6,43.5
Georgi#a,Varroa mit.es,2016,32.2,59.3,30.7,43.6
G+eor$gia,Va*rroa &mites,2017,35.3,33,47.6,56.8
Geo!rgia,%Varroa #m.i#tes,2018,39.6,53,49.8,41.4
.Ge+orgia,V&arroa mi*tes,2019,69.6,NA,52.5,34.3
^Georgia,V^a.rro$a mit&es,2020,50.9,49.2,49.6,35.5
Georgia,Varroa* mites,2021,47.9,44.5,NA,NA
Hawaii,Disesas)e#s,2015,1.6,0.3,0.1,0.2
Hawaii,D*ise(sase!s,2016,NA,NA,0.1,NA
Haw#aii,Disesases,2017,0.2,NA,0.3,0.1
Ha!waii,+Di*s@esase!s,2018,0.2,0.5,0.1,NA
Hawaii,Dise-sases,2019,0.1,NA,0.3,0.2
%Hawaii,D#ise%sases,2020,0.1,1,NA,NA
Hawaii,Disesase@s,2021,NA,NA,NA,NA
Hawaii,Oth@er,2015,2,3.2,2.5,NA
&Hawaii,Othe$r,2016,0.8,3.2,NA,0.2
Hawaii,.Other,2017,0.1,0.4,2,0.1
Hawaii,Ot&h_e@r,2018,0.1,0.2,0.1,0.1
Hawai.i,Ot-he!r,2019,2.9,NA,1.3,0.1
Hawaii,Other,2020,0.2,1.1,0.5,2.9
Hawaii,Other,2021,4.7,NA,NA,NA
Hawaii,Other pests/p.ara#si%tes,2015,37.7,61,80.5,33.9
H*awaii,Other pests^/parasite)s,2016,1.5,38.1,75.3,40.8
Hawa.i.i,-Ot_her pes$ts/par$as#i*tes,2017,2.1,3.5,4.3,66.1
Ha-waii,_Other pes_ts*/@pa_rasit)es,2018,76.8,64,89.4,83.3
Hawaii,Ot_her pe(sts/#parasit-es,2019,64.9,NA,39,61.8
Hawaii,O.ther@ p&ests!/pa+rasi.t%es,2020,60.8,41.1,63.5,65.2
Hawa*ii,Oth%e(r p(est&s/parasit@es,2021,52.2,65.3,NA,NA
Hawaii,%Pesticides,2015,NA,0.1,0.1,NA
Hawaii,Pesticide#s,2016,0.1,0.6,0.8,0.1
Hawaii,.P&es-ti$cide@s,2017,NA,NA,NA,NA
Hawaii,*Pestic#i+des,2018,NA,NA,0.1,NA
Ha$waii,Pe*sticide)s,2019,0.7,NA,NA,1
Hawaii,$Pes_ticide(s,2020,NA,NA,NA,NA
Haw+aii,Pes_t.ici$des,2021,NA,NA,NA,NA
*Hawaii,Unkn(o^wn,2015,NA,0.1,NA,NA
Haw!a&ii,Unknown,2016,NA,NA,NA,0.1
Hawai%i,Unknow$n,2017,0.1,NA,NA,NA
H&awaii,U(nknown,2018,0.1,0.2,NA,NA
Ha%wai^i,Unkn(ow_n,2019,NA,NA,0.2,NA
Haw!aii,U(nkno.wn,2020,0.2,NA,NA,NA
Haw#aii,U.nknown,2021,NA,NA,NA,NA
Hawaii,$Varroa! m*ites,2015,38.8,60.1,78.1,31
Hawaii,V!ar_roa _mite*s,2016,0.3,35.6,67.8,39.9
Hawaii,Var)roa mites,2017,1.2,89.5,2.8,57.2
H*awaii,V*arr@oa m&it#e$s,2018,74.5,59.8,88.3,70.5
Hawaii,_Var$ro#a& mi+tes,2019,72.1,NA,37.2,44
Hawaii,Varroa mites,2020,75.3,43.1,62.7,57.2
H_awaii,Varroa mi$t+es,2021,49,93.3,NA,NA
Idaho,D.i@s(esas#es,2015,12.5,6.5,1.7,4.3
I!d-aho,Disesase&s,2016,2.1,2.7,4.5,4.8
Ida!ho,Disesases,2017,42.3,3.9,6.7,17.7
Idaho,D&ises&ases,2018,0.8,3.2,14.6,9.6
#Ida.ho,Dise%sa$ses,2019,8,NA,21.7,5.4
Idaho,Disesas%es,2020,0.1,11.1,6.7,4.3
Idaho,Dise#s(ases,2021,NA,5.4,NA,NA
&Id-aho,Other,2015,8.9,13.7,2.2,2.8
Idaho,!Other,2016,5.5,5.4,6,4.2
Idaho,Other,2017,1.7,7.7,9.5,1.7
Idaho,Other,2018,3.4,4,13.8,7
Idaho,*Other,2019,8.6,NA,18.5,9.9
Idaho,_Other,2020,2.1,6.9,9,4.8
Idaho,+O!ther,2021,1.8,2,NA,NA
%Idaho,Other p-e^sts/p&ar#asi!te$s,2015,6.7,6.7,5.2,0.6
.Idaho,Other pests/p*ara@si)tes,2016,2.3,4.8,4.7,0.8
Idah+o,Ot#her pe@st*s/parasit.es,2017,42.3,7.4,19.1,16.9
Idaho,Ot$he+r pests/parasites,2018,5.7,4,5.4,47.4
Ida#ho,O-t-her$ )pe)st*s/p+a%r@asites,2019,8,NA,15.4,4.3
Idaho,Other pests/!p(ara$sites,2020,0.8,10.9,2.6,8.9
(Idaho,Ot^he%r pe#st.s%/pa*ras.it$es,2021,10.7,1.9,NA,NA
Idaho,Pestic_ides,2015,4.8,6,10,4
Idaho,P.esti^cid-es,2016,5.9,3.1,7.6,0.2
Idaho,Pesticid.es,2017,21.2,8.2,15.5,14.9
Idaho,-P^e+sti@cide!s,2018,3.4,18,26.5,15.9
Ida(ho,@Pes%ti*cide!s,2019,9.2,NA,9.9,10.5
(Idaho,!Pest^icides,2020,2.8,8.6,10.9,4.8
Idah&o,Pe_s!t$i!c%i_d#es,2021,9.5,9.9,NA,NA
Idaho,Unk.now#n,2015,4.9,0.3,6.4,4.5
I)daho,Un+known,2016,0.3,2.7,3.3,3
Id#aho,%U.nk*nown,2017,0.4,4.7,5.1,0.2
Idaho,Unknown,2018,0.4,4.1,5.7,4.5
Idaho,(U_nknow@n,2019,NA,NA,0.8,1.1
Idah)o,Unk!no&w$n,2020,1.9,5.8,3.8,5.4
Idah*o,Un*known,2021,1.7,6.2,NA,NA
Idaho,V+ar!r@oa m)i_t#e&s,2015,39.8,25.5,46.8,38.9
Idaho,#V+arroa mites,2016,31.7,21.2,25.3,31.9
Idaho,Va@rr&oa. mit^e)s,2017,74.2,31.2,53.7,34
$Idah&o,@Va!r&ro#a mi@tes,2018,28.3,50.8,83.6,64.9
Idaho,Varro-a mites,2019,24.5,NA,59.9,20.3
Idah.o,@V*arroa _mit+es,2020,10.4,44.2,45,52.1
Idaho,Varroa mi!tes,2021,33.3,31.9,NA,NA
Il*linois,&Di(ses_ases,2015,0.7,0.2,0.6,0.3
I@llinois,D.isesas*es,2016,0.4,2,0.7,1.2
Ill^inois,Dise-sases,2017,0.6,0.7,2.8,0.8
Il*linois,Dises^ases,2018,3.6,6.7,2.1,2.4
Illinoi_s,Di!sesase^s,2019,3.1,NA,0.7,1.1
Illinois,D!is.e^sa.ses,2020,0.2,1,1.8,1.1
Illin#ois,D%is!e#sa.s)e+s,2021,1.6,1.1,NA,NA
I-llinois,-Other,2015,12.6,2.3,3.4,1
Illinois,Othe+r,2016,5,4.7,2.9,3.9
Illi(nois,O#t^he(r,2017,10.2,5.5,4.6,4.9
Il-li+nois,Other,2018,10.4,9.9,1.5,6.9
*Illinois,Other,2019,15.5,NA,5.5,8.9
Illinois,+Othe(r,2020,7.3,11.9,6.6,2.7
.Illin&ois,Other,2021,17.9,2.8,NA,NA
Illinoi#s,Ot*her p-ests/p^a@rasites,2015,6.9,3.7,3,2.5
Illinois,Oth*er #pes@ts/)parasite+s,2016,7.8,4.4,7.9,11.7
Il%linois,(Ot*he)r pe$st^s$/parasites,2017,11.8,4.2,14.2,10.2
Illinois,Oth-er .pests/p*a*rasit+e(s,2018,11.2,7.9,10.6,13.1
Illin_o+is,Other pe&sts/pa)r%a@sit-e@s,2019,14.7,NA,8.3,27.3
Illinois,Other% pe!sts/$par$asi$te-s,2020,8.9,8.2,15.6,9.8
Illinois,Other p+est.s/pa&rasit!es,2021,12.9,3.1,NA,NA
I@llinois,&Pe_st+i@ci^des,2015,0.4,2.5,0.4,0.9
Illinois,Pes$ticid*es,2016,2.9,3.1,4.3,5.6
Illinois,Pesticides,2017,4.2,2.9,2.8,7.9
Ill&inois,Pestic$id#es,2018,3.5,6.6,5.1,2.8
Illinois,P-estic-id!e^s,2019,0.7,NA,2.5,3.4
Illinois,.Pe^s@ticide+s,2020,NA,8.3,4.9,2.9
Illi^no!is,Pesticides,2021,1.3,2.5,NA,NA
Il+linois,Unknown,2015,11.6,2.4,1,3.1
I_llinois,Unkn(o&wn,2016,10.4,2.1,1.6,4.8
Illinois,@Unknown,2017,7.9,1.4,3.3,4.9
Illinois,U^nkno%wn,2018,10.9,2.4,7,5.7
%I)llinois,%Unkn!own,2019,10.1,NA,11.5,8.9
Illino@is,Unk!n+own,2020,10,4,8.4,6.9
Il%li@nois,Unk(nown,2021,9.4,5.2,NA,NA
Ill!inois,Varroa mit@e$s,2015,12.3,10.3,7.7,9.4
Illin(ois,Varro*a mite(s,2016,15,11.4,17.4,27.8
Illinois,Varr*oa mi&tes,2017,24.3,11,29.9,28.9
Illinois,.Varroa_ mit&es,2018,25.7,13.8,21.2,27.2
Illinois,Var*roa mit#e&s,2019,33.3,NA,35.9,28.9
Illino@i)s,Varro$a m*ites,2020,17.2,23.5,28.1,26.4
Illinois,Varroa+ m(it%es,2021,28.8,22.7,NA,NA
India#na,Di(s!e$sase.s,2015,0.2,7,4.8,6.3
Ind%ian&a,Di_s@esase*s,2016,0.9,NA,1.2,0.2
(Indiana,&Dises@a+s(es,2017,5.2,0.1,0.4,1.7
I$ndi)ana,D!ises@as+es,2018,3,0.4,1.4,23.8
Indiana,*Di)se+sases,2019,2.6,NA,3,2.6
I^ndiana,Disesas#es,2020,0.1,1.8,1.7,NA
Indiana,*Dises-a.ses,2021,NA,0.6,NA,NA
I@ndiana,Other,2015,22.3,4.4,1,0.6
Indiana,Ot.he)r,2016,7.2,2.8,2.5,1
India(na,Othe#r,2017,10.4,8.6,3.8,3.9
Indian^a,O(t$he)r,2018,9.9,1.3,5,35.4
Indiana,^Other,2019,7.1,NA,19.2,1.6
In-diana,Oth(er,2020,1.9,5.4,0.7,2.4
Indiana,O$ther,2021,4.8,7.5,NA,NA
Indian)a,#Oth+e@r@ pests/paras+i-tes,2015,0.3,1.8,10.3,0.5
Indiana,Ot)he^r pe.sts/p&a!ra#site^s,2016,3.7,2.9,12.4,9.6
India@na,O@the!r pest(s+/p!a$rasites,2017,8,2.3,5.9,5.6
Indiana,^Oth#er p!es-ts/parasit(e_s,2018,8.3,3.5,12.2,21.3
Indiana,Oth!er !pest(s/pa!rasi&te-s,2019,8.8,NA,15.2,15
Indiana,Other pe_sts/pa%r^asi@tes,2020,0.5,12.5,12,4.1
Indiana,.Ot*h&er pes-ts/(pa%ras+ites,2021,5.4,7.3,NA,NA
Indiana,Pe^sticides,2015,0.3,0.5,8.2,0.1
Indiana,Pes+t%ic@id$es,2016,0.3,2.1,0.6,1.4
Indiana,P-es#ticides,2017,4.1,32.1,3.9,0.7
Indi&ana,Pest%icides,2018,0.5,4.5,20.6,64.6
Indiana,Pestic.ides,2019,5.5,NA,23.1,6.7
Ind&iana,+Pesti!cid!es,2020,2.9,20.2,24.5,1.9
Indiana,Pesticid*es,2021,0.7,7,NA,NA
Indiana,Un.kn!ow%n,2015,11.7,2,6.2,3.7
Ind.iana,$Unk-nown,2016,5.5,4.3,1.2,3.8
Ind.iana,&U$nknown,2017,7.1,1.3,2,8
Indiana,Unkn*ow)n,2018,3.7,1.1,0.5,2.3
Indiana,Unkno^wn,2019,1.7,NA,1.4,0.6
Indian^a,U(nknow&n,2020,6.2,1.5,1.3,5.7
Ind.ian$a,U^nkno(wn,2021,4.5,1.6,NA,NA
I^ndiana,Va_rr&o+a+ &m_i#tes,2015,20.7,15.4,13.7,15.1
!Indian!a,V#arr^oa mites,2016,17.4,12.5,50.4,28.2
Ind%ian!a,%Va+rroa mites,2017,15.8,5.9,13.9,23.5
Indiana,Varroa +m(it(e&s,2018,33.4,78.9,29.5,51.3
In%dian^a,V@arr+oa mites,2019,15.6,NA,55.7,20.7
Indiana,*V#a*r.r(o%a mite&s,2020,8.2,26.8,41.4,26.3
Indiana,Varro+a -mite*s,2021,34.4,22.8,NA,NA
I+o)w%a,Disesase(s,2015,4.6,2.9,0.1,0.6
$Iow#a,-Disesas&e#s,2016,NA,18.7,0.8,8.9
Iowa,Dis&esases,2017,8.4,7.6,2.4,12.3
Iow@a,+Di)sesas.es,2018,0.3,0.9,8.5,8.9
Iowa,Dis%esa*ses,2019,0.6,NA,5.8,5.6
Iowa,Di@s_esases,2020,NA,16.5,3.9,2.6
I@owa,_Di-sesases,2021,NA,0.6,NA,NA
I_owa,Ot_her,2015,18,2.7,5.6,24.8
Iowa,Othe!r,2016,34.4,6,2.4,11.4
Iowa,O#the*r,2017,11.9,8.2,4,17.9
Iowa,Other,2018,0.6,8.4,1.9,29.4
Iowa,Other,2019,7.7,NA,27.8,19.7
Io*wa,Other,2020,5.7,3.5,4.5,1.8
Iowa,Other,2021,7.8,1.3,NA,NA
Iowa,Othe.r pe@sts/&par_asites,2015,0.7,5.1,5.8,0.9
Iowa,Other pests/parasites,2016,0.5,17.8,3.4,9.8
I-owa,Other pe@sts^/+par*asi+te!s,2017,8.3,27.7,7.2,25.5
Iowa,Other. pes_ts/parasit_es,2018,1.1,9.3,9.8,27.2
Iowa,O*t)he&r p*ests/p$aras@ites,2019,1.7,NA,7.1,17.8
I*owa,Ot@h^e(r +pest&s/p*arasi@tes,2020,1.9,24.6,29.4,0.9
Iowa,O@t#h-er p_est-s@/parasite-s,2021,0.7,1.3,NA,NA
Io-wa,+Pesti$cid%es,2015,3.4,7.8,4.7,6.4
Iowa,_Pes+tic%ides,2016,2.1,0.6,16.7,9
Iowa,P@es$t@ic@ides,2017,12,26.7,3.9,32.6
Iowa,!P$esticid_es,2018,0.6,7.9,0.4,31.6
Iowa,+Pestic@ides,2019,0.3,NA,26.3,25.2
Iowa,)P$es#ticid-es,2020,0.2,0.8,6.3,NA
Iowa,Pe_sticides,2021,3.7,NA,NA,NA
Iowa,U&nkno_wn,2015,3.4,1.9,3.4,1.4
Iowa,Un!know.n,2016,12.2,5.7,5.6,6.3
Iowa,Unkn!o^wn,2017,11.7,0.9,2.2,5.5
Iowa,U.nknown,2018,1.4,0.3,0.4,5.6
Iowa,U*nkno%wn,2019,3.5,NA,3.6,4.2
@Iowa,Unknow^n,2020,5.5,0.5,NA,1.4
Iowa,(U.nkno%wn,2021,3.8,8.2,NA,NA
Io)wa,!Va^rro(a mite-s,2015,26,21.5,17.4,53.4
I@o)wa,V%a.r*roa !m*ite)s,2016,41.6,23.5,32.6,18.7
Iow&a,Va^r^r-o$a m#it_e%s,2017,33.6,39.4,17.2,61
Iowa,*Varr^oa@ mites,2018,5.3,12.7,29.9,55.1
I#owa,)Varroa mites,2019,34.8,NA,39.4,61
(Iowa,#V.arr!oa m^ites,2020,22.3,30.4,49.1,39.8
Iowa,Varroa. m^ites,2021,18.9,7.1,NA,NA
&Kansas,Di(sesa(se-s,2015,1.1,0.9,0.2,0.2
Kans^as,D.ise^sa-ses,2016,0.1,2.8,14.1,0.3
Ka(nsas,Di+sesases,2017,NA,0.7,14.8,3.3
Kansas,D*isesases,2018,1,1.3,6.6,26
Kansas,Dises-as@e*s,2019,2.5,NA,21.8,11.9
K.ansas,&Di@sesase$s,2020,7.8,24,15.6,1.2
Kansa&s,!Disesa(se-s,2021,NA,7.2,NA,NA
Kansas,#O-th$e@r,2015,9.5,3.5,14.8,33.9
Kansas,-Other,2016,2.6,3.7,4.5,5.1
Kans#as,Other,2017,16.4,1.8,1.1,0.6
.Kansas,O-ther,2018,27.9,2.1,23.7,1.6
Kan_sas,Othe_r,2019,21.6,NA,1.2,0.4
Kansas,Othe$r,2020,3.1,28.9,2.1,26.4
Kan&s_as,(Ot)h.er,2021,19.1,1.5,NA,NA
Kansa!s,$Other pe#sts-/p_a$ra_s*ite#s,2015,1.3,2.4,16.2,24.8
Kansa@s,O$th@er pest&s/%parasite%s,2016,10.6,11.6,25.5,8.3
K+ansa-s,O@t#her pests/p&aras#ites,2017,2.9,9.6,52.6,7.7
Kansas,Other pests/_parasit-es,2018,20.3,31.6,51.1,31.3
Ka+nsas,_Other pe_sts/)parasi+tes,2019,7.8,NA,33.8,15
Kansas,Other pests/parasi+te+s,2020,8.1,34.1,24.8,30.3
Ka$nsas,Other+ !pests/par&as#i#t.es,2021,2.8,21.2,NA,NA
K!ansas,_Pes@ti$cide@s,2015,14.2,0.1,14.1,25.1
Kansas,Pestic-id#es,2016,1.2,8.3,29.1,3.1
%K+ansas,Pesti%cides,2017,3.6,22.2,20.3,8.6
Kansas,Pest)ici#des,2018,4.3,24.9,8,43.7
Kansas,P)esticides,2019,12.2,NA,23.9,43.4
Kansas,P$e+s$tici.d+es,2020,7.8,32.8,34.1,33.3
Kansas,@Pesticid&es,2021,NA,8.5,NA,NA
Kan@sas,U&nknown,2015,3.4,4.9,1.7,19
Kansas,Un.k.no-w@n,2016,5.8,1.8,2.6,1.4
Kansas,Unkn!own,2017,14.3,7.8,7.4,10.2
Ka.nsas,-Unkn^own,2018,9.1,1.6,7.9,26.4
Kansas,!Unkno)wn,2019,4,NA,0.5,14.4
K$a-nsas,U$nkn&own,2020,11.3,14.3,NA,25.9
Kan(sas,Unkn*own,2021,2.2,6.5,NA,NA
Ka.nsas,Va#rr!oa &mites,2015,32.7,14.4,22.5,44.5
Kansas,V-a&r$roa mi-t#es,2016,32.2,47.3,42.8,29.2
Kansas,V-ar_roa mi@tes,2017,47.1,19.7,65.4,17.9
Kansas,@Varroa _mites,2018,63,42.8,76.8,62
K$ansas,Varroa+ mites,2019,102,NA,67.5,65.8
Kansas,#Varroa mites,2020,13.3,68.4,93.8,37.7
Kansas,Varroa mi(tes,2021,25.7,45.7,NA,NA
K#e%n_tucky,D-i(se!s#ases,2015,2.5,5.3,1.2,0.4
Ke#ntucky,Di*sesase_s,2016,0.6,1.7,0.9,3.3
Kentuc)k.y,Disesases,2017,0.4,1.1,4.6,0.5
Ken&tucky,Disesases,2018,0.9,0.6,1.6,1.2
Ke$ntucky,D.isesas%e#s,2019,0.1,NA,0.4,0.2
Kentucky,Dise^s*ases,2020,2,0.2,1.4,NA
Kentuc-ky,Di!sesases,2021,NA,1,NA,NA
K$entucky,Ot)her,2015,22.7,9.5,9,7.2
K(e*ntucky,Other,2016,11.1,16,7.4,10.3
.Ken*tuc-ky,Other,2017,16,4.8,10.3,5.6
-Kentuck^y,Other,2018,8,3.7,4.5,5.5
Kentuck!y,Ot^h)er,2019,10.7,NA,7.9,12
Kentucky,O!th^er,2020,7.6,2.9,2.4,8.2
%Kentucky,Other,2021,5.1,4.2,NA,NA
&Ke*ntucky,Ot@her& &p-e_sts!/parasit%es,2015,10.7,18.2,11.3,14.8
Kentucky,.O(t!her pe(sts-/pa#ra$sites,2016,8,36.1,25.7,22.3
Ken#tucky,Oth+er pest_s./parasites,2017,11.5,12.9,39.2,24.4
Kentucky,O-ther *pests/#par!asit#es,2018,29.6,21.8,26.5,41.9
(Ke&ntucky,Other pes$ts$/p%ara.sites,2019,12.9,NA,17.6,20.1
Ke$nt.ucky,O)t+h#er pe(sts/*p%a_rasites,2020,2.6,10.9,4,8.8
Kentuck#y,O&t.her pest#s/p(arasit#es,2021,16.9,4,NA,NA
Kentuck!y,)P$e^sticides,2015,2.5,1.8,6.5,9.8
Kentuc)ky,Pe-s$t)icide%s,2016,5.6,28.4,11.5,3
Kentu+cky,#P*e.sticides,2017,3.8,5,0.6,6.5
-Kentuck.y,Pesticides,2018,11,1.1,1.5,6.8
Ken)tucky,Pe^sti%c&ides,2019,5.3,NA,5.2,5.3
Kentu-cky,Pes.ticides,2020,0.3,1.2,1.6,NA
Ken+tucky,Pesticid)es,2021,NA,2.2,NA,NA
Kentucky,%Un_known,2015,12.9,2.9,2,1.7
Kentucky,Unkn#own,2016,7.5,3.8,4.5,5.7
Kentu-cky,Unkn.own,2017,7.5,2.1,6.2,19.1
Kentu-cky,Unknown,2018,5.9,6.3,7.6,4.3
Kentuck.y,Unkn&own,2019,4.6,NA,8.6,9.9
Ke-ntuck)y,Unknown,2020,6.5,3.2,5.1,9
Kentuc%ky,$Unknown,2021,9.3,2.6,NA,NA
Kentucky,^V*arroa mites,2015,10.8,21.7,40.4,22.2
K)entucky,_Varroa #mit_e-s,2016,20.9,38.9,42.3,48.2
#Kentu!ck@y,Varro)a $m(ite&s,2017,31.9,28.5,46.4,54.3
Kentuck(y,Varro.a mi-t-e&s,2018,43,35.4,47.1,57.1
Ke$ntuc*ky,V!arro&a .mit$es,2019,21.6,NA,29.2,33
Kent)u(ck.y,V@arroa@ mite%s,2020,17.4,18.3,23.3,23.8
Kentucky,V@a(rroa mi_t^es,2021,27.5,21.5,NA,NA
Louisian!a,Disesase.s,2015,4.3,0.2,NA,NA
Louisiana,D.ises^as.e*s,2016,13.9,NA,NA,1
L%ouisiana,D(is.esa)se#s,2017,0.1,NA,0.3,0.3
L#ouisiana,Di)s&esas_es,2018,0.2,0.2,0.2,0.3
Louisi_ana,Di+sesases,2019,0.1,NA,0.4,3.5
Louisi#an)a,.Disesas%es,2020,0.7,0.5,4.7,NA
Lou$isiana,.Dis-es@ases,2021,NA,NA,NA,NA
Louisiana,Ot*h_er,2015,3.1,5,3,2.4
Lo(ui$s%iana,-Ot+her,2016,9.9,1.2,9.6,0.7
Loui-si$ana,Other,2017,5.2,1.6,4,2.1
Lo.uisi)ana,Oth#e&r,2018,4.5,1.2,1,1
Louisiana,Other,2019,1,NA,2.5,6.1
-Louisiana,O-the_r,2020,1.4,3.5,3.6,2.9
Loui(siana,Other,2021,8.2,20.3,NA,NA
Loui.siana,Othe.r^ pest%s/p$arasites,2015,4.7,3.7,2.3,1
Louisiana,Other p^es&t*s/)parasit(es,2016,11.1,1.1,26.1,1
Louisiana,Ot^h@er_ pest.s+/para#sites,2017,8.5,3.5,74.5,26.6
(Louisiana,!O(ther p*e_sts/par+asi%t-es,2018,0.7,5.9,29.9,6.7
L(ou^isia#na,O@ther &pest@s/pa^rasi.tes,2019,1.3,NA,66.8,18.5
Louis*iana,O+the.r( pest*s/parasit-es,2020,7,4.7,14.4,2.9
Louis@iana,O(t@h@er _p@ests/p+arasi)tes,2021,8.5,3.6,NA,NA
Louisiana,P_e+s)tic.i&d.es,2015,1.7,1.1,1.6,0.6
)Louisiana,#P$e!sti%ci^d-es,2016,0.3,0.3,1.6,0.1
Louisiana,^Pest^i$cide)s,2017,2.2,2.1,1.6,0.6
Louis#ia+na,(P&est(ic)i(des,2018,0.7,0.8,1.7,5.9
L*ouisiana,Pesticide%s,2019,0.3,NA,57,0.7
Louisiana,Pes%ticides,2020,1.2,0.1,0.8,NA
Lo%ui*siana,Pe%sticides,2021,1.6,NA,NA,NA
Louisiana,Unknown,2015,2.1,0.5,0.2,0.2
Louisiana,Un-k-n!own,2016,1.5,0.6,0.7,1.2
Lo#uisiana,Unknown,2017,2.3,0.7,14.9,10.4
Loui*s!iana,Un%kn!own,2018,1.6,1.3,1.6,1.7
Louisiana,Un@know&n,2019,0.7,NA,2.7,0.9
Lo*uisiana,U&nknown,2020,0.6,1.3,3.4,NA
Louisian.a,Unk(nown,2021,0.9,0.9,NA,NA
Louis^i-ana,V*arroa m*ite^s,2015,17.2,36.4,25.9,10.9
Louisiana,Varr+oa& mi)te+s,2016,18,20.7,39.5,2.9
L^ouisiana,Varr#oa mi.te(s,2017,20.5,26.2,59.2,31.5
Lou(isiana,Varroa mi+tes,2018,4.9,8.1,31.3,16.6
Louisiana,Var.r!oa mites,2019,57.8,NA,67.1,33
L&ouisiana,Varro#a+ mi(te$s,2020,26.5,23.7,27.2,22.2
Louisiana,Varroa mites,2021,61.4,30.6,NA,NA
Maine,Disesases,2015,NA,0.1,13.2,NA
M!aine,D.ise)sa+s)es,2016,0.3,4.3,0.2,0.1
M+aine,Dise+sas$es,2017,30.5,3.4,0.9,0.4
M-aine,Di)ses(ases,2018,0.2,0.2,1.1,NA
Maine,@D%i)sesases,2019,NA,NA,0.1,0.1
Maine,)Di-sesases,2020,0.7,6.9,0.7,0.5
Main%e,Dises-a$ses,2021,NA,NA,NA,NA
Maine,O#ther,2015,7.5,0.5,2.6,0.1
Maine,O#the!r,2016,0.8,2.4,0.6,5.8
Maine,Ot(h$er,2017,26.3,1.6,1.2,0.6
Maine,)O+ther,2018,5.2,0.6,3.5,1.2
Ma_in+e,Other,2019,1.4,NA,0.2,0.3
Ma*ine,Other,2020,2.2,0.5,4.6,1.2
Mai#ne,Other,2021,2.2,1.5,NA,NA
Maine,.Ot@her@ pest-s_/parasites,2015,0.1,34.5,3.4,0.2
Maine,Othe-r pe_s@ts/pa$ras&i#tes,2016,0.4,NA,0.1,0.8
Maine,Othe&r p@e&s%ts/parasites,2017,20.9,3.6,0.9,6.2
M-aine,O(th%er &p+e@st)s/parasite+s,2018,0.6,1.1,1,5.1
Maine,Other. pe*s!ts/@parasite-s,2019,0.1,NA,0.7,NA
Main(e,+Oth%er .pe)sts!/parasite+s,2020,1.2,0.2,2.5,NA
Mai!ne,Other (pests%/$pa@rasi+tes,2021,2.6,NA,NA,NA
Mai&ne,!Pestic.i!d@es,2015,NA,34.5,NA,NA
Maine,&Pestici#des,2016,NA,31.1,NA,NA
Maine,Pesticide$s,2017,8.1,3.6,3.9,NA
(Maine,Pe+sticides,2018,NA,1.8,NA,NA
Maine,%Pes@t)i!c*ides,2019,NA,NA,NA,2.5
Maine,Pes.ticides,2020,NA,NA,NA,NA
M%aine,*Pesti$c.ides,2021,NA,NA,NA,NA
Maine,Unkno+w#n,2015,1.9,0.1,7.8,0.4
Maine,Un&kn@own,2016,1.4,27.9,NA,0.1
Ma-ine,U.nk%no@wn,2017,NA,14.2,0.1,NA
)Maine,^U+n^known,2018,7.4,0.1,0.5,0.1
Maine,Unknown,2019,0.8,NA,0.1,0.2
Maine,Unknown,2020,3,NA,6.2,0.6
Maine,Unk@n$ow!n,2021,2.1,NA,NA,NA
Main%e,Va^rroa@ *mi$tes,2015,4.4,72.1,9.9,18
Maine,Varroa -mite^s,2016,3.3,82.7,9.3,10.7
(Mai@ne,Va-rroa m$i*t-es,2017,23.9,3.6,3.4,24.9
Maine,Varr+oa mi#tes,2018,23.6,1.9,37,9.3
M*a@in)e,Varro!a+ m(i_t@es,2019,2.3,NA,10.1,20.5
M@aine,Var^roa mit+es,2020,19.6,12.1,65.2,30.8
Ma_ine,Va#rr-oa (mite.s,2021,7.2,14.1,NA,NA
Mar_yland,D_is#es&as.es,2015,0.4,0.2,2.9,0.1
)M)ar*yland,D_ise#sa&ses,2016,NA,2.4,0.1,4.5
Marylan(d,@D.i-sesases,2017,1,0.7,0.7,0.2
^M$aryland,D^isesas_es,2018,4.4,0.8,0.3,0.3
M*aryland,Disesase!s,2019,0.2,NA,NA,1.8
Maryland,Dise#sase!s,2020,0.1,0.1,NA,1.5
Ma#ryland,D_is#esas_es,2021,NA,NA,NA,NA
Maryland,Other,2015,24.2,1.6,7.1,0.2
Maryland,Othe_r,2016,7.8,3.3,0.6,5.8
Maryland,#Othe)r,2017,11.9,2,5.1,1.8
M$aryland,O.th*e*r,2018,14.3,4.4,1.1,4.9
Mary!lan^d,!Ot&he-r,2019,10.1,NA,5.1,0.3
(Maryland,(O$the@r,2020,8.5,3.2,0.6,6.2
Ma.ryland,Other,2021,19.7,2,NA,NA
Maryland,Ot@he_r p!ests%/p#a&rasit)es,2015,1.8,1.3,19.1,2
Maryland,Other^ pests/^par^asites,2016,0.1,2.3,4.8,8.3
Maryland,!Ot$her ^p(e-st!s/para&si!tes,2017,3.3,6.9,10.1,3.1
Maryland,O&ther pests/parasites,2018,5.6,3.4,6,5.3
Maryland,Othe&r pes&ts/parasi*t.e@s,2019,5.1,NA,2.7,4.5
M+aryland,%Other p#es@ts/_par^a*si^tes,2020,1.5,1.1,4.8,1.8
Maryland,Other pests/p$ara!si#t_es,2021,1.1,9,NA,NA
Maryland,Pes%ticid&e#s,2015,NA,2.5,22.8,NA
M^aryland,Pes_ticid#e)s,2016,11,2.9,0.7,4.6
Mar(yland,Pesticides,2017,1,0.2,1.6,1.1
Marylan%d,Pes-ti!ci+d!es,2018,1.5,0.3,0.6,1.2
Maryland,P$e%s_t_ic@ides,2019,NA,NA,0.3,NA
Marylan@d,Pest*icid!e%s,2020,NA,1.1,NA,0.7
Maryland,Pesti$cid)es,2021,NA,0.7,NA,NA
%M%aryland,U@nkn+own,2015,12.4,1.5,2,4.3
Maryland,Unknown,2016,0.8,0.6,1.6,0.6
Maryland,Unkno(wn,2017,4.3,1,9.1,7.8
@Mar)yland,Unk!nown,2018,3.1,0.4,3.8,1.7
Ma^ryland,U.nknow(n,2019,2.4,NA,1.4,5
Maryl&and,Unkn&own,2020,2.4,0.5,2.9,2.1
Maryland,Un)k%no*w^n,2021,2.7,1.4,NA,NA
Maryland,Varroa* m&it)e#s,2015,10.1,4.9,26.9,5.6
Maryland,V-ar-ro$a *mite*s,2016,30.2,4.2,10.8,23.8
M+aryland,%Varroa m*i$t@es,2017,11.3,3.3,8.8,7.9
)Maryland,@Va-rro&a_ mi*tes,2018,18.2,11.8,11.7,16.6
Maryland,.Va(r!r*oa mi^tes,2019,12.6,NA,26.7,12.6
Ma#ryland,Varroa m)ites,2020,19.9,12,17.6,27.5
Maryland,Varro#a ^mit#es,2021,34.6,17.4,NA,NA
Mas&sac)husetts,Disesas#es,2015,2.1,0.2,0.4,6.2
@Massac.huse@tts,$Disesa_ses,2016,0.7,0.3,6.8,0.4
M.assac(husetts,.Di$sesases,2017,2.9,11.8,0.7,6.7
Massachusetts,Disesases,2018,0.8,1,10.7,8.1
M@assachusetts,Di_se_sases,2019,NA,NA,0.2,0.8
Massachuse-t+ts,Dises!ases,2020,1.8,0.3,1.5,NA
Ma(ssac_husetts,(Di(s&esases,2021,1,NA,NA,NA
Ma+ssachusetts,*Ot.he.r,2015,7.6,4.4,2.5,2.6
Massachuset!ts,+O%ther,2016,3.1,2.3,3.4,0.7
M.assachuset$ts,Othe&r,2017,10.5,0.4,0.8,1.5
@Massachusetts,Other,2018,9.3,2,1.1,3.4
Massachuse(tt*s,)Other,2019,6.3,NA,0.7,1.1
Massach)usetts,Ot%he-r,2020,4.5,1.1,1.2,NA
Massachusetts,#O$the.r,2021,7.8,0.5,NA,NA
Massachusetts,&Ot*he)r_ pests/p^arasi&tes,2015,3.5,61.7,2.9,1.6
Massac_husetts,O.ther pests/parasites,2016,5.2,10.6,8.7,2.6
Massachusetts,&Other pests/par$as*ites,2017,5.6,11.4,0.9,1.2
Massa)c!husetts,Other pests/-p_ar)a(site@s,2018,1,1.1,11.2,9.2
Massach$usett.s,O!ther pes#t.s)/para%sites,2019,NA,NA,2.9,0.2
Mass)achusetts,Othe!r pe#s$t+s/para*site+s,2020,0.5,2.1,1.6,1.2
_Massachuse+tts,&Other pest!s/p)arasites,2021,3.6,44.3,NA,NA
M!assachusetts,Pe@sticide-s,2015,2.8,61.8,2.1,1.9
Massachusetts,#Pes-ticide_s,2016,NA,10.6,0.1,0.4
Massachusetts,P_e%sticides,2017,4.5,9.9,2.3,2.7
Ma$ssa^chusetts,Pe(sticides,2018,0.8,1.5,10.1,9.4
Mass-achusett#s,Pestici&des,2019,4.3,NA,NA,NA
Massachu%setts,@Pesti_ci@des,2020,0.3,0.4,0.8,NA
Massachusetts,Pes(ticide&s,2021,0.5,44,NA,NA
Massachusetts,_U#n^kno*wn,2015,4.7,3.1,0.3,1.1
Massachusetts,Unkn+own,2016,1.1,11.9,7.9,4.2
Massac$hus+etts,)Unkno@wn,2017,5.2,1.6,0.1,0.3
Massachu.setts,)Unknown,2018,7.2,2.1,10.3,5.3
Ma&ssachusett)s,U$nk%n^ow.n,2019,0.9,NA,7.3,10.7
.Massachusett)s,Unkn%ow-n,2020,2.2,0.4,0.7,0.9
Massac*husetts,U_nknown,2021,4.5,NA,NA,NA
(Massachusetts,!Varr^o^a^ mi.tes,2015,23.5,66.8,16.3,31.4
Ma*s!sach$usett^s,&Va-rro^a- mite@s,2016,10.1,40.5,14.1,6.1
Ma&ssachusetts,%V@a&rro$a* m^ites,2017,32,13.8,82,13.2
Massachusetts,Varr+o*a( m^i+tes,2018,19.1,6.3,75.9,33.2
Massachuset.ts,V-arroa m+ite*s,2019,10.3,NA,13,7.6
Ma.ssachusetts,-V#arroa mi_tes,2020,13.9,14.7,29.7,17.4
Massachu!setts,Varroa _mi.te#s,2021,28.9,45.5,NA,NA
Michiga@n,Dis^esa.ses,2015,1.1,0.6,7.3,NA
Michigan,Dises-as(es,2016,NA,1.1,0.3,0.1
$Michigan,D&isesa$s+es,2017,NA,0.2,8.6,5.3
)Michigan,Disesa+ses,2018,0.7,11,1.1,15.6
-Michigan,#Disesa@ses,2019,1.5,NA,8.7,9.2
Michigan,Di*s^e#sases,2020,0.2,2.2,3.4,5.3
Michigan,Dise&sases,2021,NA,0.8,NA,NA
Michig@an,%Othe$r,2015,8.3,16.4,1.8,3.2
Michigan,O(th!e&r,2016,1.2,11.8,6.5,4
Mi_chig!an,Othe.r,2017,1.1,1,15,1.5
Michiga&n,&Ot#he)r,2018,12,12.9,19.5,2.4
Michigan,Other,2019,12.2,NA,2.1,1.1
Michigan,Ot-her,2020,0.4,3.2,5.9,3.6
Mi!chigan,Other,2021,0.7,0.9,NA,NA
Michigan,O)t-he.r p$es-ts/par!as)it#es,2015,3.1,13,16.3,4.1
Michig&an,O%the^r pes%ts/pa#ra_si&te@s,2016,0.2,9.3,25.1,1.5
Mich@igan,O.ther. pests_/p)a#r.a%si*t)es,2017,0.3,9.8,11.9,13.6
Michigan,Other (pests/parasites,2018,3.5,16.7,13.8,31.2
Michigan,O@ther pests/par-asites,2019,5.8,NA,16.4,9.7
Mi!ch!igan,Other$ _pests/parasi(tes,2020,0.5,11.5,14.5,5.4
Michi*gan,Othe#r pes#ts/pa&r!asi#tes,2021,NA,2.7,NA,NA
Michigan,Pe.s#ticide%s,2015,1.6,9.1,13.7,4.1
_Mich+igan,P-est%ici*d#e!s,2016,0.5,16.5,9.1,2.7
Michigan,P)esti-c^id+e*s,2017,1.9,1.7,13.7,23.6
M+ic$higan,Pes*ticides,2018,7.4,11.6,23.8,15.1
Mich+i_gan,(Pestici(d%es,2019,0.2,NA,7.3,8.3
Mich!ig$an,Pesticides,2020,0.2,6,8.9,3.1
%Michigan,P)estici*des,2021,NA,3.5,NA,NA
Mi(chi)gan,Unkno+wn,2015,4.6,3.1,8.8,3.7
Michi*gan,U#nkn)own,2016,10.3,1.1,2.7,0.6
Michigan,Unkno#wn,2017,3.9,0.6,2.9,2
Michigan,.Unkn!o_w#n,2018,5.9,10,18.6,6.6
Michigan,#Unkno^wn,2019,0.7,NA,1.5,3.8
Michigan,-Un%known,2020,0.7,1.1,1,4.3
Michi.gan,Unknow)n,2021,1.6,NA,NA,NA
Michigan,&Va%rro@a_ m@ites,2015,14.3,26.9,44.6,30.2
Mi(chigan,Varro&a m!i^tes,2016,5.4,54.1,64.1,23.9
Michi.gan,V)ar*r!oa& mi#te^s,2017,7.9,24.4,56.8,53.8
M!ichigan,Va#r)ro+a m%it%es,2018,21.4,65.7,92.4,52
Michigan,Va*rroa ^mites,2019,18.2,NA,42.7,37
M*ichigan,Var&roa m_ites,2020,8.1,38,53.1,42.9
#Michigan,^Var$ro^a +mi&t@es,2021,2.3,45.1,NA,NA
Minnesota,$Di_s_es^a^ses,2015,NA,1.4,7.4,8.4
Minn(esota,Dise$sa+ses,2016,0.1,6.5,6.2,3.1
Minnesota,Dis*esases,2017,0.1,2.4,1.8,4.2
Minnesota,D-ises^as!e%s,2018,1.9,6.7,6,4.2
Minnes#ota,D&isesas)es,2019,1.9,NA,4,1.2
Minneso#t$a,Disesases,2020,NA,0.7,NA,1
Minnesota,Di^se-sases,2021,NA,NA,NA,NA
Mi+nnesota,Oth-er,2015,1.6,10.1,7,3.8
Minnesota,O-t@her,2016,7.1,8.6,17.8,5
Minnesota,Ot^her,2017,8.8,6.6,11.6,7.2
Minne.sota,^Othe^r,2018,1.1,7.8,9.3,3.8
Minnes)ota,$Other,2019,2,NA,6.6,1.8
#Min)nesota,Ot$her,2020,4.3,4.4,2.2,1.8
M&innesota,#O+ther,2021,2.8,1.1,NA,NA
Minnesota,Other p)ests/$paras@it-es,2015,0.1,6.2,14.6,8.7
Minnesota,O$t@her &pests/)parasi&tes,2016,6.9,6,14.6,7.7
Minnesota,Other pe@st$s/%para%sites,2017,0.4,4.7,4.7,4
Minn!esota,Othe#r- p-es)ts/)par*a%s(ites,2018,0.7,8.5,12.4,5.2
Minnesota,Othe*r pe$sts/)par#asi(tes,2019,0.2,NA,8.2,7.8
Minnesota,_Oth*e@r- p+est!s/para#si(tes,2020,NA,2.9,3.7,1.6
Minnesota,Ot.her pe#sts@/par#asites,2021,0.6,NA,NA,NA
^Min.nesota,Pesticides,2015,0.1,16.5,27.4,25
Minnesota,Pesticides,2016,11.3,18.2,22.4,17.6
Minn!esota,Pes+ti+ci@des,2017,1,13.3,9.4,39.8
M!innesot+a,_P_estici_des,2018,0.6,5.6,28.4,7.9
Min^nesota,Pestic#ide!s,2019,NA,NA,13.4,6.1
Minnesota,P#es@ticides,2020,0.2,8.8,8.2,19.2
Minneso&ta,_Pesticides,2021,2.5,12.6,NA,NA
Minnesota,&Un!know@n,2015,2.1,9.3,7.2,8.9
#Minn&esota,_Unknown,2016,14.2,7.6,8.9,8.9
Minn(esota,Unkn(o_wn,2017,5.8,2.2,2.3,3.1
M!inne.sota,Unk(now^n,2018,1.6,21.7,8.1,2.4
$Min(nes+ota,Unkno%wn,2019,0.8,NA,2.1,4
Min!nesota,U#nkn$own,2020,0.3,0.4,1.7,2.6
M@innesota,Unknown,2021,NA,1,NA,NA
Minnesota,Varr%oa mi.tes,2015,1.4,25.4,33.3,43.6
Mi_nnesot$a,Va(rro%a% -mites,2016,11.8,20.8,47.2,27.5
Minnesot!a,Var@roa mites,2017,2.1,21.4,39.8,62.9
Mi@nnesota,Varro+a +mit@es,2018,2,12.2,44.5,28.4
@M.inn(esota,V^a+r*roa mites,2019,1.3,NA,54.9,37.3
Minnesota,V+ar.roa. mit)es,2020,3.5,20.6,46.3,17.2
M^innesota,Varro#a^ mites,2021,6.3,12.9,NA,NA
@Mi$ssis&sippi,D)i_s#e&sases,2015,0.1,0.3,NA,0.3
Missi&ssippi,.Di+se&sase#s,2016,NA,1.2,1.6,0.1
Mississippi,Disesases,2017,NA,NA,0.7,1.4
Mississippi,D^i(se%sa-se(s,2018,NA,NA,NA,0.2
M#ississippi,Di*s@esas!es,2019,64.8,NA,2.4,4.1
Miss!i!ssippi,Dis%esases,2020,0.3,NA,NA,NA
Miss(issip_pi,Dis%e^s$ases,2021,NA,3.2,NA,NA
Mississi%ppi,Oth$er,2015,1.2,2.3,3.8,0.7
Mississippi,-Other,2016,0.2,1.2,5,2.1
Mississip-pi,Other,2017,0.5,2.9,18.1,1.5
Mis@sissippi,Oth@er,2018,2.4,5.1,7.5,3
Mississipp&i,$Other,2019,1.9,NA,4,10.5
Miss*issippi,!Ot*her,2020,14.5,8.4,3.3,7.8
Mississippi,)Othe(r,2021,10.6,3.2,NA,NA
Mississippi,Other p*ests/p#ar!as$ites,2015,8.2,6,2.2,2.5
Miss%i$ssippi,Other pe(sts/*parasit.es,2016,1.1,2.3,3.5,6
Mis&sissippi,Other pe_s&ts/.par.asi$tes,2017,35.3,0.6,4.8,6.1
Mississippi,Oth#er pes&ts/p%ara*sites,2018,4.8,24.1,8.6,6.7
Mississippi,@Ot!h)e!r pes#ts/parasites,2019,71,NA,45.6,38
Mississippi,Oth$er pests/-paras*ite@s,2020,50.9,36.8,41.8,1.5
Mississip_pi,O*ther pest$s/pa*ra)sites,2021,3.8,11.3,NA,NA
Missis.sippi,Pest$ici^des,2015,2.1,0.1,1.1,NA
Mississipp@i,Pestici.d.es,2016,2,2.7,1.8,NA
Mississippi,Pesticid%e+s,2017,0.1,1.3,0.2,1.5
Mississippi,P#esti$cide-s,2018,0.6,0.2,0.5,0.5
^Mississ*ippi,&Pesticides,2019,48.4,NA,25.4,13.9
@Miss)issippi,Pest&ic^id$es,2020,1.8,0.9,NA,0.6
Mississip@p%i,Pestici%d&es,2021,1,0.5,NA,NA
Mississ*i%ppi,-Unknown,2015,1.1,1.7,1.4,1.3
Mississippi,U(nk%no^wn,2016,8.8,0.1,4.7,2.8
.Mis!sissipp_i,Un+kn^own,2017,1.4,0.5,0.7,4.1
Mis.sissip^pi,Unknown,2018,34.4,2.1,7.2,4.5
M#issis%si!ppi,Unknow%n,2019,5.5,NA,5.1,5.2
Mi$ssissipp!i,U!n-k!no.w&n,2020,3.6,0.2,6.2,5.9
M$is-sissippi,_Unkno&wn,2021,4.7,9.9,NA,NA
Mississi^ppi,V*arr#oa !mit)es,2015,9.4,10.1,45.5,10.6
Mississippi,Va#rroa& m.it#es,2016,8.5,12.3,27.5,21.9
*Mississipp^i,Varr@oa. mites,2017,41.7,14.4,71.1,19.3
Missis$sippi,Var*ro)a mites,2018,7,44.4,25.2,26.5
Mississippi,V&a^rr-o!a mi(te&s,2019,14.6,NA,59.1,41
Mis%sissippi,Varr%oa- mit&es,2020,58.6,51.2,45.7,7.8
Miss(issipp&i,Var*roa mites,2021,9.7,46.7,NA,NA
Missouri,D_isesas-es,2015,2.2,3.1,3,3.3
Missour@i,^Disesas$es,2016,0.3,0.7,1,0.2
Missouri,^Dises)as%es,2017,0.5,3,2.8,1
Missouri,Dise_sases,2018,0.3,0.8,1.2,1.1
Missouri,Dise(s.ase#s,2019,1.9,NA,0.4,0.2
Missouri,Disesases,2020,0.9,5.7,NA,NA
%Missouri,Dis)es@ase_s,2021,NA,1.3,NA,NA
Missouri,O#t)h.er,2015,11.8,1,2.1,0.8
Miss)ouri,Oth@er,2016,4,1.6,3.1,1.5
Missouri,Oth$e$r,2017,5.4,5.1,1.6,4.2
M#isso*uri,Oth(er,2018,26.5,8.3,7.5,1.9
Misso^u+ri,+O!the@r,2019,5.4,NA,2.1,1.5
+Missouri,O$the-r,2020,2.1,11.2,2.4,3.1
@Mi#ssouri,%Oth#e_r,2021,13.1,5.8,NA,NA
Missouri,_Other_ p&ests/par-asites,2015,6,6.2,11.7,6
Missouri,Oth&e_r )pests/par$asit.e&s,2016,6.2,1.6,7.7,12.6
Missour_i,Othe.r +pes*ts/pa_rasites,2017,15.2,8.7,36,14.2
Misso#uri,-O@t&h!er (p@es*t+s/$p+arasit*es,2018,77.8,13.2,16.9,10
Missouri,Ot&her pests/parasites,2019,2.3,NA,7.1,5.9
Miss%ouri,Other pests/paras@ites,2020,3.4,1.5,8.8,7.9
Missouri,Other pe.s&ts/parasi%tes,2021,5.6,6.2,NA,NA
Mis+souri,Pestici)d$es,2015,4.2,1.6,2,0.1
Missouri,P.e&st$icid*e*s,2016,5.4,0.1,0.1,NA
Missouri,^P)es&tic@id*es,2017,2.6,1,34,0.1
Missou@ri,.P*estic@ides,2018,3.5,1.5,1.2,2.3
Miss!ou*ri,P.est@icides,2019,0.5,NA,0.8,0.1
Missour!i,Pestici$de+s,2020,1.6,3.1,1.1,0.5
Missouri,Pes%ticide+s,2021,0.8,0.6,NA,NA
Missouri,_U&nkno_wn,2015,6.3,7.4,1.4,1.5
Missouri,U@nknown,2016,5.4,1.2,0.7,0.7
Missour(i,Unkno^w)n,2017,5.3,1.8,35,1.6
M)issou@ri,Unknown,2018,23.9,2.6,1.1,4.1
Missouri,@U-nkn)own,2019,3.2,NA,0.6,0.4
Missouri,Unk-nown,2020,3.4,1.9,2.4,0.8
Missour$i,Unknown,2021,10.3,4.6,NA,NA
(Missour)i,Va)rroa m%ites,2015,13.1,5.1,11.1,2.8
Miss-ouri,V*arroa m-i*tes,2016,17.8,17.2,13.3,16.1
Missouri,Varroa mi!tes,2017,16.2,13.8,77.7,16.7
Missouri,)Va_rroa mites,2018,86,11.8,18.2,37
M+i%s@sou_ri,Varroa m(i-tes,2019,5.4,NA,18.4,19.2
Miss^our)i,+Varroa mit_e!s,2020,8.4,17.4,30.8,13.1
Mi#ssouri,Varroa mites,2021,16.6,15.4,NA,NA
Mon*tana,Disesases,2015,0.6,0.8,10.7,14.4
.M$ont^ana,D^ise@sase(s,2016,NA,4.5,7,32.9
Montana,Disesases,2017,NA,4.2,6.9,3.1
$Mon)tana,Di(sesases,2018,NA,2.8,18,5.6
!M.ontan!a,Dis*es!ases,2019,NA,NA,10.6,NA
Mo(ntana,Di$sesa!s#e_s,2020,NA,5.9,0.9,11.6
Montana,Di-ses)ases,2021,NA,1.5,NA,NA
Montan-a,Other,2015,2.3,1.6,6.4,3.2
Mo_ntana,Other,2016,0.2,6.9,6.1,33.3
Montan+a,!Other,2017,5.6,4.4,19.1,5.3
@Montana,O%ther,2018,0.1,1,21.8,2.9
M@ontan+a,*Other,2019,0.8,NA,4.1,2.8
Montan&a,&O-t.her,2020,0.5,4.6,8.6,4.4
Montana,Othe)r,2021,NA,5.2,NA,NA
M)ont_ana,.Oth*er* p+e%sts/parasite(s,2015,0.5,0.9,16.4,19.8
Mont(ana,Oth$e-r _pes*t^s/para^sites,2016,NA,7.1,8.8,39.4
Montana,.O.ther pests/para_sit!es,2017,13.6,3.8,6.7,4.1
Mont@ana,!O$ther pe+sts@/p-ar-asi!tes,2018,NA,4.3,18.5,13
Montana,(O(t_her _pests/para^sit)es,2019,NA,NA,10,1.8
Mont*ana,Other p-est*s(/p!ara$si$tes,2020,NA,5.6,2.1,11.6
M$ont*ana,+Other pest^s/parasites,2021,NA,NA,NA,NA
^Montana,Pe*sti@cid%es,2015,0.8,5.3,2.3,11.4
Monta)na,.Pe-st@ici*d!es,2016,0.6,3.9,6.9,13.7
Montana,Pesticides,2017,2.3,3.3,2.2,5.9
Montana,P%estici)d*es,2018,26.1,1.3,6.8,17.5
*Montana,Pest%i!cides,2019,0.8,NA,6.1,0.8
Mont)a)na,Pestic)ides,2020,NA,NA,NA,2.6
Mo*ntana,Pestic&ide@s,2021,NA,13.3,NA,NA
Mon(tana,U(nknow%n,2015,7.9,NA,5.3,13.9
Montana,_U(nknown,2016,0.1,0.2,1.4,33.1
M@onta^na,Un*known,2017,0.1,0.6,2,4.1
Mo@n%tana,Unkn+ow&n,2018,0.1,0.8,2.7,NA
Montana,+U.nknown,2019,1.1,NA,1,0.3
Montana,U&n@known,2020,NA,0.3,1.2,6
Mont@ana,Un%known,2021,NA,3,NA,NA
Monta-na,Varroa $mit.es,2015,8.7,9,52.5,35.5
Mon%ta$na,(Varroa^ mites,2016,0.8,30.3,41.9,59.1
$Montana,Varroa m#ites,2017,34,24.3,42.3,54.2
Mon_tana,Va+rro*a mit+es,2018,28.9,41.3,43.8,40.7
Montana,.Va-rroa^ mi+tes,2019,15.1,NA,28,15.7
Montana,Var&roa# mites,2020,4,12.1,36.6,15.1
Mont.ana,(Var+r+o&a mi*tes,2021,NA,20.8,NA,NA
Nebraska,D&is+es)ases,2015,0.1,NA,10.9,0.2
Nebraska,Dis_esa.ses,2016,0.1,1,0.1,0.2
Neb*raska,Di%sesa*ses,2017,0.4,0.7,0.4,4.1
Nebr_aska,Di@s-es.a&ses,2018,NA,0.4,5.9,0.7
^Nebrask(a,Dises.a&ses,2019,32,NA,1.8,NA
Nebraska,Di(se.sases,2020,0.1,4.4,3.3,0.5
Nebraska,D(isesa$ses,2021,NA,NA,NA,NA
Nebraska,Other,2015,0.3,2.1,4.6,0.4
Nebraska,O+ther,2016,0.8,1.1,1.6,0.4
Nebras$ka,Other,2017,2.2,8.9,9.2,4.3
Nebras.ka,Other,2018,1.7,7.5,4.3,2.9
.Ne&braska,%Ot%he+r,2019,2.2,NA,7.2,2.8
Nebrask-a,O&ther,2020,0.3,0.1,21.4,1.4
Nebraska,Othe+r,2021,1.7,3.2,NA,NA
Nebraska,Other +pest@s/pa!rasite$s,2015,0.1,6.9,10.3,NA
N+ebraska,Ot^her$ pe)sts+/%pa&ra#s*it+es,2016,0.4,0.1,1.6,1.4
Nebraska,Other #p^e@st^s/p(aras+it*es,2017,0.3,67.2,6.6,3.3
Nebr(aska,Ot-her p+es)ts/%para&sites,2018,1.6,0.4,3.2,0.7
Nebraska,Oth!er pe^sts/parasi@t.es,2019,1.3,NA,2.7,1
Nebras)ka,O(ther( !pest@s/^paras*ites,2020,0.1,1,0.8,NA
Nebrask_a,Oth%er@ pests/par!asites,2021,NA,NA,NA,NA
Nebraska,Pesticid-es,2015,0.5,1.4,13.2,0.3
Nebraska,Pesticide*s,2016,0.2,3.8,10.2,1.2
Ne(braska,*P*e_stici^des,2017,NA,66.6,7.1,2.1
Nebraska,Pesticid.es,2018,2.8,3.2,6.5,0.3
Nebraska,Pes)ticides,2019,0.8,NA,2.8,3.5
Ne-braska,@Pe%st!icides,2020,NA,10.9,19.8,NA
Nebr(aska,!Pe&stic-ide%s,2021,1.5,7.4,NA,NA
Nebras#ka,U!nkno)wn,2015,3,1.5,4.3,1.7
Nebr^aska,$Unknow(n,2016,0.4,3.5,0.1,1.5
Nebras*ka,Unkno#wn,2017,1.2,0.5,0.2,11.5
Nebraska,Un+known,2018,0.9,4,4,1
Nebrask^a,U*nkn)o-w%n,2019,0.1,NA,1.9,6.4
Nebr!aska,@Unkno^wn,2020,0.8,2.6,NA,6.3
N-ebras%ka,Unkn.ow%n,2021,0.7,1.3,NA,NA
Nebr$ask@a,Varroa) mites,2015,5.9,6.5,33.2,15.5
Nebraska,Va#rr-oa mi!tes,2016,1.7,6.1,20.4,10.5
Neb_raska,Varro@a. mi#tes,2017,14.9,73.8,15.1,26.6
Nebras$k-a,Varroa) mit*e&s,2018,4.5,3.9,24.1,3
N&ebraska,Varroa@ mites,2019,32.3,NA,29.2,5.8
Nebraska,Varro!a) mi-tes,2020,2.2,15.8,23.4,3.6
N^eb%raska,Varr(o)a $m&ites,2021,NA,17.4,NA,NA
Ne&w_ Jersey,Dis%esases,2015,30.4,0.3,0.1,NA
New J$ersey,D#i#sesa@ses,2016,0.2,0.2,1.2,0.4
New Jersey,Di+se@s-as!e%s,2017,0.3,2.3,NA,4.4
New Jersey,D%is-es@a.ses,2018,NA,NA,0.2,0.1
*New Jersey,Di^sesases,2019,NA,NA,0.3,NA
New Jersey,+Dis)e@sa*ses,2020,0.5,22.1,NA,0.5
New (Jersey,Disesase-s,2021,1,NA,NA,NA
New Je&r&sey,#Other,2015,19.5,1,1.1,0.4
New Jersey,O!ther,2016,1.2,0.2,1.3,3.4
New J#erse@y,Oth#er,2017,0.8,0.3,0.4,3.3
New Jersey,Ot(her,2018,3.8,3.4,1,5.4
New Jer-sey,#Other,2019,3.5,NA,0.5,1.3
New Jersey,Other,2020,3.2,22.3,NA,0.2
New Jerse&y,Other,2021,1.2,1.7,NA,NA
New Jersey,O)ther +pests/p!ara.s@ites,2015,13.2,3.6,1,2.2
%New Jersey,Ot+her pes#ts/parasit*e+s,2016,0.8,0.9,7.1,11.3
New Jersey,Oth(e(r pest_s/p@a.rasit^e$s,2017,0.7,5.4,2.9,6.8
Ne*w Jersey,O+th(e%r^ pests^/paras!ites,2018,1.9,3.3,5.1,3.2
New Jersey,)Other+ pe#st_s/p.ar%asites,2019,4.4,NA,2.3,0.9
N#ew Jersey,Ot#h+er% pests/pa&ra^site+s,2020,2.9,0.8,5.6,2.1
Ne@w Jerse+y,O)ther p(ests/)pa$rasit.es,2021,1.5,5.3,NA,NA
New Jersey,@P#esti*cides,2015,11.1,26.1,NA,0.4
New Je(rsey,-Pestic&id_es,2016,0.4,NA,8.5,1.9
Ne$w -Jersey,Pes*ticides,2017,0.1,1.9,0.8,4.4
New Jer^sey,Pes^ticides,2018,0.4,0.1,0.1,NA
New+ Jer_sey,Pesticide^s,2019,NA,NA,0.2,NA
Ne*w Jersey,P-esti(c$i@des,2020,0.1,0.1,16.3,0.6
New J%ersey,)Pe)stic*ides,2021,1.3,2.6,NA,NA
New Je@rsey,)U+nknown,2015,16.7,2.4,0.7,1.2
New %Jersey,Unknown,2016,8.2,0.3,0.3,8.6
N.ew Jersey,Un-known,2017,0.6,0.7,1.9,NA
New Jersey,Un)k#no_wn,2018,0.8,0.1,0.4,0.3
Ne&w Je^rsey,^Unkno@w!n,2019,0.6,NA,0.1,0.5
New +Jersey,Unkn_o+wn,2020,2.3,0.1,NA,0.7
Ne!w Jersey,U!nknown,2021,0.8,1.3,NA,NA
New Jerse_y,V!arroa mites,2015,40.1,52.5,7.2,7.7
New Je+rse_y,Varro#a mi(t_es,2016,5.5,11.9,20.2,28.6
N+ew J(ersey,+V.ar%r*oa mite+s,2017,16.3,24.1,10.7,18.9
New )Jersey,Var$r-oa m_i$te#s,2018,14.9,16.5,12.3,14
New Jersey,+Va@rroa -mites,2019,15.3,NA,26.1,2.5
N*ew -Jersey,Varr%o_a mi.tes,2020,9.4,7.2,21.7,6.8
New Jer@sey,@Var.roa mites,2021,18.7,11.4,NA,NA
New #M%exico,Dises^ases,2015,NA,15.5,55,0.2
New Mexico,*Disesa%ses,2016,31.5,12.1,55.2,7.2
N!ew M(exico,Dise#sa)s@es,2017,87.4,72.9,17.8,NA
New %Mex$ico,.Disesa+ses,2018,NA,0.3,NA,3.7
New Mexico,Di%sesase&s,2019,0.6,NA,0.9,0.4
New Mexico,D_isesases,2020,NA,0.3,NA,1
-New Me%xico,Dis#esa&ses,2021,NA,0.1,NA,NA
New Mexico,Othe#r,2015,1.3,0.4,55.5,0.6
New Mexico,Other,2016,1.5,8.2,1.7,0.8
_New Mexico,Other,2017,2,35.6,3.1,10
New M)exi$co,Other,2018,9.4,0.2,0.4,8
N_ew ^Mexico,Oth!er,2019,1.4,NA,0.8,2.6
N$ew Mexico,*Other,2020,0.7,0.4,0.5,2
New Mexic$o,+Other,2021,6.5,NA,NA,NA
New Mex-ic$o,Other) pests/p!a$r!as(it(e^s,2015,0.1,NA,55,0.3
N+e^w M#exico,Oth+er- pe-sts/p#arasi%te!s,2016,0.4,0.3,55.4,0.3
New Mexi!co,Ot@her @pests%/^par_asi*tes,2017,NA,0.6,3.3,0.3
New Mexi.co,Othe$r pests/!p*arasites,2018,0.5,0.1,NA,0.8
)New Mex.ico,Oth&er* pest#s/pa*rasi!te^s,2019,1.1,NA,29.1,0.3
New Mexico,Othe+r pests/-parasites,2020,NA,0.4,32.9,NA
$N^ew Mexico,Othe%r( _pes+ts&/paras&i*te&s,2021,0.1,NA,NA,NA
New Mexico,+Pest_ici+d@es,2015,0.2,5.9,58,8.4
!New Mex&ico,+Pesticid_e-s,2016,NA,2.5,24.1,NA
N%ew M-exico,&Pe(s%ti-ci.des,2017,NA,NA,13.6,10.3
&Ne@w Me!xi-co,Pes!ticid_es,2018,1.3,NA,12.3,0.1
New^ Me^x)ico,P&est(icides,2019,NA,NA,NA,NA
New^ !Mexi-co,Pe%sticide-s,2020,NA,0.4,NA,NA
New M%exi%co,Pes-tic$i*des,2021,NA,2.5,NA,NA
New Mexico,Unknown,2015,0.4,2.7,0.7,1.7
New Mexic+o,U(nkn.ow_n,2016,0.3,NA,0.7,0.3
N%ew% Mexico,Unkn+own,2017,NA,0.6,0.3,1
New Mexico,Un*known,2018,0.5,1,0.2,1.2
New Mexic(o,Unk(nown,2019,0.3,NA,NA,NA
New M(exico,Unkn#own,2020,0.2,0.1,NA,0.9
Ne)w Mex$ic)o,*Unkn*own,2021,1.9,NA,NA,NA
.New Me)xi)co,)Varr$oa m@i.tes,2015,17.1,38.8,61.2,30.9
!New M*exico,Varr-oa m%i&te$s,2016,69,59.1,59.5,46.2
New Mexic)o,V%a^rroa mites,2017,93.9,88.4,74.3,86.1
New Mex%ico,&Varroa _mite*s,2018,42.8,0.3,NA,81.3
New- Mexico,V@ar$r%oa m&it@es,2019,3.5,NA,39.5,5.2
New Mexi$co,&Var&r%oa $mite@s,2020,2.1,3,33.8,15.7
New Mexico,%Varro.a (mi^tes,2021,14.2,64.6,NA,NA
New York,D&is@esases,2015,0.5,4.5,5.7,0.8
New York,(Di_sesas-e-s,2016,1.5,0.9,5.5,3.6
New Yor*k,D(i#s_esases,2017,9.8,2.2,6.2,8
New Yor^k,*Disesases,2018,1.4,15.4,18.6,7.8
N@e)w York,-Di&sesa^ses,2019,1.7,NA,1.2,3
New York,D$is.esases,2020,NA,0.6,6.3,NA
New -York,Disesases,2021,0.6,0.5,NA,NA
New York,Othe*r,2015,12.4,3.3,8.8,0.4
New Yo*rk,O*the@r,2016,9.5,4.1,24.7,2.2
New* York,O*ther,2017,13.2,9.1,13.6,0.4
N&e.w York,_Ot+her,2018,8,17.3,22.9,7.8
New York,Ot-he%r,2019,7.7,NA,2.5,3.2
New$ Yo_r-k,Othe$r,2020,1.7,3.6,2.1,4.5
New York,Oth-er,2021,5.7,2.3,NA,NA
New York,Other! pes*ts/parasit)es,2015,2.6,12.5,14.3,2.2
New Yo#rk,Ot.her $pes-ts(/par-asites,2016,5.9,3.1,9,2.2
New York,$Othe#r ^pe-st^s_/p&ar.as+i)te#s,2017,9.4,2.2,19.8,12.7
New York,Oth&er pests(/*paras^ites,2018,11.9,20.3,20.6,4.5
New York,Ot&her( pests/par(asit_e@s,2019,2.5,NA,11.5,24.8
New York,Othe+r p)e.sts/_parasi&tes,2020,2.9,2.6,7.8,7.2
New Yor#k,Ot_her pests/par)asite&s,2021,3.9,3.9,NA,NA
New #York,Pes!t)ic%i(de*s,2015,4.4,4.4,17.1,0.9
New York,Pestici!des,2016,7.6,11.7,5.2,12.5
New York,Pesticides,2017,4.4,2.1,9.4,5.4
(New York,(P*esticides,2018,1.9,6,24.4,2.4
New York,P+es.tic_id&es,2019,1.7,NA,8.2,8.7
New Y*or(k,Pestici^des,2020,NA,0.2,3.3,NA
New Yor#k,Pe(st+icides,2021,0.5,1.7,NA,NA
New York,!Unknown,2015,8.3,1.1,1.5,6.2
Ne!w *York,Un_known,2016,2.6,3.8,2.6,2.1
New York,Unknown,2017,10.9,0.1,1.8,2.6
New York,Unkn&own,2018,6,3.6,10.2,0.7
@New York,Un(k#no!wn,2019,9,NA,3.8,4
-Ne&w York,Unkn!own,2020,7.7,0.6,1.1,4.1
New York,Unknown,2021,4.8,3.5,NA,NA
New York,&Var-roa (mite$s,2015,7.6,19.1,40,24.5
New Y^ork,#Va_rroa mite&s,2016,27.5,20.4,37.4,27.8
New %York,Varr@oa m^ites,2017,20.4,21.7,45.1,22.3
New York,Varro!a- m&i!tes,2018,25.3,40.8,40.7,26
New York,Varroa mites,2019,10.6,NA,30.7,33.3
New Yor+k,Var#r#oa$ mites,2020,6.6,21.2,18.2,19.2
New York,Varroa* mit-es,2021,15,35.8,NA,NA
North Carol#i*na,D!ises#ases,2015,0.1,0.3,0.7,0.5
North Carolina,Dise%s*a)se!s,2016,1.9,4.7,0.1,1.8
North( ^Ca_rolina,D(isesases,2017,0.2,2.3,3.3,3.9
Nor-t)h Carolina,!Di^ses&ases,2018,0.3,0.5,11.4,3.8
N-orth Carolina,Disesases,2019,0.2,NA,19.7,4.5
North Car@olina,Dise-sa&se!s,2020,4.8,1.9,NA,NA
N(orth* Ca+r^olina,Dise^s$as^es,2021,NA,NA,NA,NA
North C(arolin)a,Other,2015,6.2,5.8,5.7,5.4
No*rth Car!o*lin&a,O&ther,2016,4,8.3,13.4,12.5
N+orth Caroli&na,Othe)r,2017,7.2,5.1,7.6,11.7
North C$a@rolina,Othe$r,2018,13.4,14.6,11.4,11.1
North Carolina,Ot@he$r,2019,2.2,NA,9.7,15.7
North Carolina,Ot#her,2020,1.4,1.8,NA,0.6
Nort&h$ Carolina,Othe_r,2021,0.6,NA,NA,NA
North Caroli^na,Other +pests/parasites,2015,2.3,14.3,27.9,3.4
North Carolina,Other $pes!t+s/parasi@t^e$s,2016,2.5,23.5,13.4,7.7
Nort.h Carolina,O&th)er ^p*est!s/parasit*es,2017,17.4,5.5,36.1,16.3
North Caro#l+ina,Ot!her +p(es*ts/par&asites,2018,10.2,2.6,17.9,10.4
North Carolina,O(t*her pest)s/paras&ite+s,2019,2,NA,11.3,21
N#orth Caro+lina,Other. pe&sts/parasites,2020,7.1,5.5,17.9,14
Nor#th Carolina,Other _pe+sts/pa.ras%i!t+es,2021,7.3,3.5,NA,NA
North Carolina,Pestic$ide!s,2015,22.9,3.5,7.5,0.4
@North Ca%roli(na,Pes.t^icid!es,2016,2.7,33.8,2.9,NA
North Caro^lina,P-esticid.es,2017,1.5,0.8,20.3,1.5
North Carolina,Pesti^c(i!de@s,2018,0.3,2.4,8.4,2
North Car#olina,.Pe$sticid*es,2019,0.7,NA,4,2.4
North Car(olina,Pesti@cides,2020,0.6,NA,NA,5.1
North C-arolina,Pes(t@icid*es,2021,NA,NA,NA,NA
N&o!rth Carolina,Unknown,2015,12.2,3,8.5,3.4
$North Carolin-a,.Un%known,2016,2.5,41.7,3,1.3
No%rth Carolina,Unknown,2017,3.9,1.5,1.8,6.7
North C&arolina,Un_kn_own,2018,8,0.8,3.1,5.2
North Carolina,Unkn(own,2019,3.4,NA,5.7,11.7
N$orth Caroli.na,Unknow%n,2020,5.1,1.4,NA,1.9
North +Carolina,Unknown,2021,0.5,NA,NA,NA
North (Ca)rol.ina,Va(rr*oa m%i&te%s,2015,35.5,51,33.9,9.6
North Carol-i+na,V.a_rro-a_ mites,2016,9.6,51.8,27.8,24
Nor^th Ca@rolina,Varroa #m$i^tes,2017,34.7,23.4,74.5,64.2
No#rth Carolina,Varroa^ m.ites,2018,29.7,9.7,66,53
#North Carolina,V%arr%oa m^ites,2019,16.4,NA,26.9,44.5
N+o%rth #C!aro_lina,Va^rro+a mite&s,2020,35.7,23,70.5,37.7
!North Carolina,V(ar)roa mites,2021,23.7,35.8,NA,NA
Nort^h Dakota,!Dis!esa_ses,2015,NA,0.1,8.1,1.8
North Dakota,D!isesas%e@s,2016,NA,2.1,6.3,1.5
North (Dakota,)D!ises!ases,2017,NA,2.8,3.4,0.2
North Dakota,D!isesa)ses,2018,1.2,4.8,9.6,8.1
*North )Dakota,D&ises_a!ses,2019,NA,NA,14.7,1.8
-Nor+th Dakota,#Di!sesases,2020,NA,2.6,12.3,5.1
North D+akota,Dis-esases,2021,NA,NA,NA,NA
$North Dakota,Ot(her,2015,2.5,4.6,4.1,3.7
North Da.kota,Other,2016,NA,3.6,9.9,2.6
North Dakota,O@t_her,2017,0.2,3,8.1,0.9
North Dakota,Ot)her,2018,0.9,3.9,10.9,4.3
N%orth D$akota,Other,2019,0.4,NA,23.7,2
North Dakota,Oth@er,2020,3.1,2.9,9.3,1.1
Nor^th_ Dakota,Oth+er,2021,NA,2,NA,NA
Nort(h Dakota,%Oth!e^r- pest+s/_paras$ite%s,2015,1.7,3,15.5,2.3
North Dakot#a,Othe)r pest!s/p%a@ra*s*ites,2016,NA,3.7,11.8,7.9
Nor-th Dakota,O+ther pe)sts/p-arasit.es,2017,NA,3.6,11.9,16.5
Nor&th Dakota,Ot@her p(ests/par_asit+es,2018,0.1,7.5,11.5,9.4
North Dakota,Othe@r &pests/pa&r*asites,2019,NA,NA,10.2,7.1
Nort!h #Dakot)a,(O*ther -p#ests/par*a@s+ites,2020,NA,1.7,15.9,0.5
*No$rth D.akota,*Ot^her pes(ts/pa.ra#si)te)s,2021,NA,0.7,NA,NA
North +Dakota,Pe$s&ti(cides,2015,NA,4.3,12.3,1.5
)N+orth Da*kota,Pesticide!s,2016,NA,1.1,12.9,0.4
Nort$h Dakota,Pest$ici_d!es,2017,NA,5.4,8.1,0.5
North Dak*ota,!P(esti(ci!d$e(s,2018,NA,4.7,10.4,10.6
North Dakota,Pe+stici$des,2019,6.5,NA,9,3.7
North. Dakota,P#es(ticid^e(s,2020,NA,3,4.1,11.5
North Dakota,P(esti.cide^s,2021,NA,NA,NA,NA
North Dakota,Unknown,2015,0.1,0.3,3.7,2.1
#North Dakota,.Un@kn^ow&n,2016,9.9,0.2,3.1,2.2
N(ort%h +Dakot-a,Unknown,2017,0.1,0.4,1.9,0.3
Nort(h Dakota,U@nknow+n,2018,NA,4.3,1.2,4.6
North Dakota,Un_known,2019,1.3,NA,9.3,1.7
)North Dakota,Un#known,2020,NA,1.5,1.4,5.5
North Dak+ot#a,U^nknow.n,2021,NA,NA,NA,NA
Nort(h Dakot.a,Va*rr*oa@ ^mit-es,2015,1.7,15.5,33.8,10.8
&North Dakota,V!arr&o@a m)ites,2016,NA,16.2,38,23.5
N^orth Dakota,Varroa m.ites,2017,0.8,27.9,42,41.7
North @Dakota,!Varroa mit.e-s,2018,1.4,24.7,52.6,29.5
North Dakota,Varroa m_it(es,2019,6.9,NA,48.4,43
North Dakota,$Varr_oa mi-te)s,2020,0.6,25.7,61.3,60.2
Nor#th Dakota,V-ar&r.oa m)i(tes,2021,NA,29.9,NA,NA
Ohio,D^isesases,2015,1,3,0.6,2
Oh)io,Di-ses@ases,2016,0.2,0.6,2.3,0.8
Ohio,Dises_as_es,2017,0.6,6.2,4.7,7.1
Ohio,Di#sesas-e@s,2018,6.5,1.7,2.6,0.1
Ohio,^Di)s%esa!se%s,2019,11.1,NA,4.2,0.4
Ohio,Dise)sases,2020,1.1,6.2,0.8,0.9
Ohio,D+isesa*ses,2021,2.9,7.3,NA,NA
O&hi*o,+O+th&er,2015,17.8,11.2,1.6,14.5
_Ohio,Other,2016,10.2,2.9,3.6,11.2
Ohio,Othe)r,2017,5.2,16.8,11.7,8.4
Ohio,Ot-her,2018,15.8,21.7,11.9,2.4
Ohio,+Oth$er,2019,6.7,NA,5.9,3.3
Ohi@o,Other,2020,3,7.3,10.8,2.5
Ohio,Other,2021,8.2,7.7,NA,NA
Oh&io,Ot_he(r$ pests/p)a^ras)ites,2015,1.6,4.1,8,8.8
_Oh-i_o,.Othe+r* !pests/&par(a!s)ites,2016,4.4,2.2,10.6,18.1
Ohio,O&ther pest^s/$p)a^r%asi^te.s,2017,11.6,6.4,19.1,23.3
Ohio,Oth(er p!est#s!/par#asit$e!s,2018,10,30.8,40.9,5.8
Ohio,Othe&r pes(ts/pa!rasites,2019,9.9,NA,23,5.6
Ohio,Othe&r p$ests/!p.arasit#es,2020,3.6,12,10.4,12.4
Ohio,Other pest)s/+parasites,2021,14.4,41.4,NA,NA
Ohio,.Pes(ti.c+ide-s,2015,3,11.9,23.4,7.3
Ohio,Pesticid^es,2016,1.3,18.3,2.9,4.2
.O&hi#o,Pesticides,2017,0.1,10.5,6.7,6.4
Ohio,Pesti)c.ides,2018,3.2,2.7,1.3,8.1
%Ohio,^Pesticides,2019,1.1,NA,1.8,0.6
Ohio,Pes-ticid(es,2020,0.1,5.8,3.7,6.4
Ohio,&Pest(icid)es,2021,2,3.3,NA,NA
Ohio,Unknown,2015,3.1,29,1.7,2.1
Ohio,Unknow#n,2016,5.3,1.4,3.2,10.9
Ohio,%U_nknown,2017,16.5,3,7,2.9
Oh%io,Unkn)ow!n,2018,11.6,1.6,1.2,9.9
Ohio,U#nk%nown,2019,3.1,NA,3.9,7.6
Ohio,$Un(k_n(ow$n,2020,13.4,13.3,1.4,1.7
Ohio,Unknown,2021,4.9,3.4,NA,NA
O&hio,Varro-a m)it(es,2015,10.7,15.8,30.7,36.3
Ohio,V(a*r+roa @mite*s,2016,41.9,10.6,60.6,42
Oh$io,Varroa mites,2017,25.8,45.6,51.5,45.3
Oh-io,V@arr&oa mite#s,2018,39.6,38.8,58.9,29.3
Ohio,Varroa mites,2019,49.3,NA,40.6,33.2
Ohio,-V+arro+a (mites,2020,17.6,23.8,28.6,42.4
Oh#i$o,@Varroa mites,2021,26.6,68.2,NA,NA
Oklahoma,D.ises*as.es,2015,0.5,NA,0.1,0.1
Oklahoma,D)i!sesa.ses,2016,0.1,0.2,0.3,NA
Oklahoma,Di@sesa)ses,2017,NA,11.1,10,NA
O)klahoma,-D&ise.sase@s,2018,3.2,9.6,0.1,NA
O.klahoma,D)is^esases,2019,NA,NA,0.1,NA
Oklahoma,D*i.sesase+s,2020,0.4,0.4,0.9,NA
Oklahoma,Dis#esa_ses,2021,NA,NA,NA,NA
Oklahoma,Oth@e&r,2015,2.1,7,0.6,1.3
Okla)homa,@Other,2016,2.4,0.6,1.4,0.1
O+klahoma,O*the$r,2017,0.5,7.6,4.7,NA
Oklahoma,Ot*he*r,2018,3.1,12.4,17.2,NA
Oklahoma,Ot_her,2019,NA,NA,4.1,0.4
Oklahoma,O)th$er,2020,0.4,18.1,2.4,NA
Ok^lahom-a,Other,2021,4.2,7,NA,NA
Oklahoma,Other p*e&sts/para%sites,2015,10.1,6.3,2.3,4.5
Oklahom^a,Othe)r pests#/&pa!r&a*s&it(e*s,2016,2.6,2.8,6.5,0.5
Okl+ahoma,$Ot&he+r$ pests^/parasi*t^e.s,2017,1,1.6,23,0.5
Oklahoma,Ot.h%er pests/parasi!tes,2018,8.5,10.9,51.1,0.4
Oklahoma,Othe*r pests/p!arasit#e#s,2019,0.3,NA,1.4,0.4
Oklahoma,_Oth-er p)ests/parasi%t*es,2020,0.6,3.9,8,1.1
Okla)ho-ma,Other pest.s/pa)ra+sites,2021,NA,2.1,NA,NA
Oklahoma,P*esticides,2015,NA,0.1,0.1,0.1
Okl^ahom(a,P@esticide.s,2016,0.6,1.2,0.7,0.1
Oklahoma,P&esticide&s,2017,0.1,0.3,3.8,NA
Ok-lahoma,P_e+sti.cides,2018,0.1,26.7,23.5,NA
Oklahoma,Pe_sticides,2019,NA,NA,0.1,0.4
Oklahoma,P%est@ic&id#e%s,2020,0.5,0.9,1.7,NA
Okl.aho-ma,Pes@ti_c(ides,2021,NA,NA,NA,NA
Oklahoma,#Unk+n^own,2015,2.9,1.9,0.4,2.5
Oklah)o%ma,#Unk%nown,2016,41.5,0.4,21.8,0.7
O+klahoma,U#nk-nown,2017,0.3,0.2,2,0.2
Okla%homa,Un*kn-own,2018,2,0.1,23.4,0.3
Oklahoma,Unknown,2019,NA,NA,4.4,0.1
Oklahoma,Unkno(wn,2020,0.3,5.1,0.8,0.8
Oklahoma,Unknown,2021,2,1,NA,NA
Oklahom&a,$Varroa mit_es,2015,14.5,66.1,1.6,2.8
Oklahoma,.V+arr+oa mites,2016,9.7,51.8,7.5,4.9
Oklahoma,$Varr$oa m)i)tes,2017,11.9,23,22,1
Oklah*oma,Var#roa (mites,2018,24.1,60.2,59.6,13.1
Oklahoma,V%arroa #mites,2019,7.7,NA,29,1
Oklahoma,Varro%a mites,2020,11.4,14.8,52.4,2.3
Okl_ahoma,Varr!oa$ mi!t)es,2021,7.6,3.1,NA,NA
Orego!n,.Di(s#esase_s,2015,0.4,13.2,5.2,1.5
Oregon,Disesa-s%es,2016,5.3,9.9,12.5,13
Oregon,D.isesa!se%s,2017,10.1,10.2,11.3,28
Oregon,Di$s#esa-ses,2018,1.2,8.1,7,16
Oregon,Di@ses)a&se%s,2019,0.2,NA,19.8,4.7
Oregon,Dise+s@a#s%es,2020,10.8,7.5,3.8,3.7
Oregon,D*is+es.a.s+es,2021,1.4,6.2,NA,NA
Ore_gon,Other,2015,1.6,5.8,4.8,1.7
Oregon,Other,2016,2.4,16.7,5.1,2.6
$O_regon,Othe^r,2017,15.4,14.8,6.4,3.9
Ore+gon,O.th*er,2018,3.7,15.5,10.7,0.9
)Oregon,Other,2019,2.7,NA,16.6,16.6
O!rego$n,*O!t_her,2020,1.3,5.9,7.1,3.8
Oregon,O&t.her,2021,1.2,6.5,NA,NA
Oreg&on,^O.ther p.ests/parasit+e)s,2015,2,20.9,20.8,1.3
Oregon,@Oth(e!r p.ests(/parasites,2016,15,14.5,18.5,2.8
Oregon,Ot.her pests/pa_ra^sites,2017,8.5,9,10.6,23.3
Oregon,Ot_her p.ests/)pa)ras(it*es,2018,0.7,3.5,2.8,4.6
Oregon,Ot-her pest^s/p%arasite#s,2019,0.1,NA,12.8,2.1
#Or&egon,Ot_he#r p_ests/paras.i.tes,2020,10.4,1.7,2.5,4.6
Oregon,!Ot)her p)es_ts/.parasi&tes,2021,10.7,8.3,NA,NA
Oregon,Pes.t!icid^es,2015,0.6,16,3.1,1.5
Orego#n,Pest@ici*d(es,2016,NA,2.6,9.6,2.8
Orego^n,Pesticid-es,2017,9.1,3.6,13.2,14.2
Oreg!on,Pe_st.ic^ides,2018,6.7,6.6,45.1,14.8
Oreg&on,Pest&icides,2019,0.2,NA,15.1,1.8
-Oreg_on,P%esticide@s,2020,14.5,2.2,0.5,1.6
Oregon,Pes&ti#c+i_des,2021,NA,10.1,NA,NA
Oregon,!Unk!n-ow)n,2015,1.1,0.4,3.8,1.5
Or&egon,Unkno+wn,2016,0.3,6,1.5,1.3
Or@e+g-on,Un_kno.wn,2017,8.5,9.6,1.8,1.8
Oregon,Unkn-own,2018,1,0.2,0.8,0.2
Oregon,Unkn#own,2019,0.5,NA,0.4,16
Ore!gon,Unknown,2020,0.3,0.7,2.4,3.9
Oregon,U%nknown,2021,0.6,1.8,NA,NA
Oreg^on,%Varro%a !mite)s,2015,20.2,39.3,56,16.4
Oregon,&V@arroa. m.i(te$s,2016,20.9,52.7,52.9,25.5
O)regon,V(a!rroa^ mites,2017,28.7,32.7,54.4,50.6
Oregon,)Varroa^ m*i)t.es,2018,36,45.9,57.2,44.1
Oregon,Varroa m.ites,2019,18,NA,35.4,35.8
Oregon,&Varroa m#ites,2020,24.4,28,42.4,28.5
Oregon,Var)roa ^mit$es,2021,12.9,17.2,NA,NA
Other States,Dises.ase-s,2015,NA,NA,NA,NA
Other S%tat%es,Disesases,2016,NA,NA,0.5,9.3
Other States,Dis!es%ases,2017,6.6,0.3,2.3,3
Other States,Di$s$esases,2018,0.2,1,1.3,0.2
+Other S(tates,D@isesases,2019,0.3,NA,4.2,0.3
Other State^s,Disesase%s,2020,NA,0.7,NA,NA
Other States,)Di$sesas#es,2021,4.1,NA,NA,NA
Other States,#Other,2015,0.9,0.1,0.7,NA
Oth@er States,O!ther,2016,13.3,0.6,2.3,2.3
Ot%her -States,Othe%r,2017,1.8,4,1.2,1
Othe#r (States,O%ther,2018,2,3.9,4.9,1.5
Other Sta_tes,Other,2019,2.1,NA,1.4,32.4
Other Sta&tes,%Othe!r,2020,0.7,0.3,14.1,12.5
O+th.er S*t_ates,O-t$h_e*r,2021,6.8,5.9,NA,NA
Other States,Other pest_s/paras-it)es,2015,0.1,9.1,0.2,NA
Ot+her States,Ot$her) p&ests/p-ar+asi-tes,2016,NA,0.2,1.6,9.3
Other St^ates,&O@ther p@est+s/paras%ites,2017,0.8,0.4,4.7,1.7
Other Stat*es,_O@t&her p#e!sts/p^aras^ite(s,2018,0.5,0.9,2.4,0.2
Other &States,Oth@e%r +p^ests/*p#ar(asites,2019,1.8,NA,4.5,2.3
Other State-s,.Other- pe#st_s/par-asi-t^es,2020,NA,1.1,7.1,1.1
Other S^tat#es,)Oth!e%r^ !p(ests/parasi@tes,2021,1.2,NA,NA,NA
O!the@r States,Pesti+ci*des,2015,0.1,NA,0.4,NA
Other States,P_estic+ides,2016,NA,0.8,NA,9.6
Oth^er St*ates,Pes&t!i!cides,2017,2.6,NA,6.7,2.2
Other Stat)es,Pestici*des,2018,NA,NA,2.9,5.4
Othe*r( States,Pesticid(es,2019,NA,NA,7.7,0.3
Other States,Pest^ici*des,2020,NA,NA,6.3,NA
Other St^ates,P&es!t^icide(s,2021,NA,4.8,NA,NA
Other States,-Unknown,2015,NA,NA,0.2,8
O+ther States,U%n-k@n(own,2016,NA,5.4,9.8,1.4
Oth%er +State&s,Un)kn%ow(n,2017,2.5,0.6,1.3,2.4
Other States,Un(kn%own,2018,1.2,0.3,0.7,5.4
Other States,Unknown,2019,1.6,NA,0.1,0.9
Other Sta$tes,+U$nk^nown,2020,0.4,0.3,NA,7.4
Other State#s,U@nkno-wn,2021,1.1,5,NA,NA
O!ther States,V!a#rroa $mites,2015,0.8,36.3,8.8,8.2
Other States,Varroa mit#es,2016,0.1,7.6,7.8,24.1
&Other S+tat#es,V@ar(ro.a mit@es,2017,3.4,6.8,51.1,11.5
Other Sta)tes,V$arr^oa m$ites,2018,22.2,19.7,22.8,12.7
O&ther States,V+ar^roa mite&s,2019,6.9,NA,11.3,13.6
Other States,Va@rroa mit%es,2020,5.5,16.8,76.4,44.5
Other States,V_arroa mit@es,2021,19.4,60.3,NA,NA
Pennsylv.ani.a,Di&se&sase#s,2015,1.9,2.6,3.7,1
Penn_sylvania,Di$ses^ases,2016,0.3,2.4,1.6,1
Penns@ylvania,Disesas#es,2017,0.8,0.8,2.7,1
Penn#s&ylvania,.Dise-sases,2018,3.3,2.2,1.9,6.7
P^e*nnsy%l$va_ni-a,Dises^as%es,2019,3.7,NA,1.8,1
Pe!n.n.sylvania,Dis(e_sases,2020,2.8,1.4,1.2,1.3
Pennsylvania,Dis_esase(s,2021,NA,1.3,NA,NA
Penn%sylvania,Ot!her,2015,17.8,6.7,7.2,0.8
Pennsyl^vania,@Other,2016,5.5,4.6,2.8,4.9
P*ennsylvani-a,Othe_r,2017,3.6,2.4,2.2,2.9
Penns&ylvan&i&a,Ot-her,2018,5.9,1.6,1.7,7.8
Pennsylvania,Othe+r,2019,7.5,NA,1.5,2.3
Pennsylva)ni%a,Ot!her,2020,2.7,3.4,5.5,1.8
Penns&y+lvania,*O-th!er,2021,6.8,1.2,NA,NA
Pe.nns$ylv*ania,O+ther pe*sts/para!sites,2015,6.3,5.8,11.3,4.3
Penn)s+ylvania,Oth(er pests/para*sites,2016,4.3,3.9,7.7,2.6
P&en(nsylvania,!Othe$r& pe*st$s/parasites,2017,2.4,1,5.7,5.4
Pennsylvania,Oth+er pe&sts/p!ara(sites,2018,5.6,16.2,8.1,10.7
$Pennsylvania,Ot@her- pe&s^ts/parasites,2019,4.6,NA,8.8,4.6
Pe!nnsyl#vania,Other pest.s-/para&si-te!s,2020,3.9,2.7,12.3,3.9
.Pe%nnsylvania,&Ot+h%e+r@ pe^sts/pa@rasit$es,2021,11.6,5.1,NA,NA
Penn!sylvania,^Pesticides,2015,1.9,1.6,5.1,0.3
&Pennsy&lvania,Pestic+ides,2016,3.8,3.6,4.3,2.8
P.ennsylvania,Pe#sticid%es,2017,2.9,1.4,3.7,6.9
P.enn@sylva%nia,Pest@ici!d#es,2018,9.3,2.1,1.6,13
Pen.nsylv!ania,P-esticides,2019,4,NA,5,3.2
Pennsylva_nia,Pest#icid&e.s,2020,1.8,0.3,1.6,1.9
Pennsylvania,Pe*s@ticides,2021,NA,2.7,NA,NA
Pennsylvan*ia,U.nk!nown,2015,6.3,2.1,0.8,1
Penn(sylva!nia,U@nkno%wn,2016,4.6,0.9,1.2,3.1
Pennsylvania,Unknown,2017,7.3,1.6,0.9,2.3
Pennsyl*vania,Unknown,2018,9.9,1.9,2.6,5.4
Pennsylvania,Unk-n+own,2019,9.5,NA,5.6,2.9
!P_ennsyl(vania,Unkn&own,2020,3.2,1.3,2.3,2.6
Pen(ns#yl)vania,Unknown,2021,8.2,0.5,NA,NA
Pennsylvan+ia,V-arr&oa+ m^it!e*s,2015,28.1,11.4,45.1,32.2
Pennsylvania,Varro@a mite%s,2016,44.8,18.7,27.3,18.7
Pennsylvania,Var@roa# mi(te_s,2017,21,13.9,41.4,44.7
Pennsylvania,(Va%rroa* m-it%e.s,2018,34.4,31.3,23.5,26.9
Pennsy)l&vania,Varroa (m#it*es,2019,15.3,NA,23.4,33.2
Pennsylvania,Varroa mi^te-s,2020,15.5,27.3,32.2,28.1
Pennsyl^vania,Var&roa mi-tes,2021,18.1,21.8,NA,NA
South Carolina,*D*is$esases,2015,0.2,0.5,18.3,0.4
S*outh Carolina,D!isesas+e#s,2016,0.6,1,0.1,23.3
South Carolina,Dis(e-s%as!es,2017,0.4,14.7,0.2,14.6
South Caroli^n@a,$Di+sesas$e_s,2018,0.7,0.7,0.7,0.3
South) Ca$rolina,Disesases,2019,NA,NA,0.6,1.7
South Carolin#a,D%isesase^s,2020,9.6,0.5,NA,NA
South Carolina,Disesa#se)s,2021,NA,2.3,NA,NA
South Car!olina,&Ot&h_er,2015,3.6,3.7,3.9,5.8
South Carolina,Oth&e-r,2016,5.1,14.3,2.6,25.9
South Carolina,Ot+he.r,2017,2.7,4.1,5.2,1.9
South Ca)rolina,Ot^her,2018,13.5,9.8,7.6,1.3
South )Carolina,Othe.r,2019,12.4,NA,19.6,13.1
S$outh Carolina,_O!t+h@er,2020,6.4,5.3,1.5,2.7
South Ca&rolina,O)ther,2021,4.1,9.4,NA,NA
%S!outh Carolin-a,Oth.er *pe)sts/parasi_t^es,2015,2.3,5.4,31,2.9
S^ou@th #Carolina,Other (pests/parasites,2016,2.3,36.6,18.8,27.1
S*outh C)arolina,)Other. pests/@para#sites,2017,5.3,21.3,11.8,19.4
S-outh Carol@ina,O.ther pests)/p$a@rasi$t+es,2018,15.5,3.4,53.4,16.1
Sou!t%h+ Carol$ina,O#th&er- ^pes(t-s/par&asite.s,2019,14.5,NA,11.6,18.4
Sou$th Caro&lina,Oth$er pests!/p(a&rasi^tes,2020,11.5,5.8,28.9,4.2
So&uth Carolina,Oth*er &p$est+s$/!parasi)t@es,2021,10.1,43.8,NA,NA
South C.arolina,Pes$ticides,2015,0.3,1.4,14.7,1.7
So%uth Carol_ina,Pesti&ci#des,2016,2.1,35.8,2.6,24.6
South Carolin+a,Pest-icides,2017,1.1,17.9,3,0.2
Sout*h Car(olina,Pes!ticid!es,2018,2.6,1.6,32.4,1.4
South -C&aroli.na,Pes+ti*cides,2019,1.7,NA,16.2,3.5
South C#arolina,P*es$ticides,2020,0.3,NA,6.2,1.3
S!out%h Caro*l&ina,Pe-stici_des,2021,3.2,NA,NA,NA
South Carolina,Un&known,2015,2.9,0.7,3,NA
South Carolina,Unkno^wn,2016,4.9,1.3,1.9,1.9
South Caroli*na,(U#nk#nown,2017,1.8,0.3,0.8,1.9
Sout#h Carolina,Unknown,2018,3,2.9,0.9,5.5
So(uth %Carolina,U+nkno_wn,2019,1,NA,3.7,6.3
So!u*th Carolina,Unknown,2020,5.4,0.4,0.9,3.8
South Carolina,&Unknown,2021,0.9,5.1,NA,NA
South $Carolina,V!arr_oa _mit^es,2015,10.5,29.9,58.4,14.2
Sou+th (Caroli_na,Varro*a _m(ites,2016,11,51.3,20.4,29
Sou+th Carolina,Varr$oa mites,2017,12.6,23.9,26.4,31.6
_South Carolina,V^arro(a! m)ite@s,2018,29.3,14.3,76.8,32.2
@S$outh* Car(olina,V+ar@roa mites,2019,18.5,NA,44.9,56.7
South Caroli_na,Varroa- mites,2020,15.5,27.4,27.1,22.9
#South Ca.rolina,^Varro^a^ m%ites,2021,48.5,50.1,NA,NA
Sout-h Dakota,Di^s*esase.s,2015,0.3,1.8,2,1.9
Sou)th@ D+a#kota,D+is-es@ases,2016,NA,1.7,14.2,0.3
Sou)t^h Dako-ta,D+isesases,2017,NA,1.3,5,4.1
South (Dakota,Dis!esases,2018,NA,7.7,3.3,7
South) Da.kota,D$i%ses!ase.s,2019,NA,NA,0.3,3.2
South Dakot-a,Di_sesases,2020,NA,4.8,2.1,6.5
So-uth D!akota,Dises$ases,2021,NA,3.7,NA,NA
South Dak(o(ta,O$ther,2015,1.2,1.4,1.9,2.4
Sou$t&h Dakota,+Ot(her,2016,0.4,15.4,4.6,1
South D)akota,_Oth@er,2017,0.2,6.2,27,7.5
South Dakota,&Ot+h^er,2018,0.5,39.4,45,2.1
&Sout(h$ *Dakota,*Other,2019,0.8,NA,4,11.2
+So.uth Dako+ta,Othe@r,2020,0.3,37.5,61.4,NA
So$uth Dakota,Other,2021,NA,49.5,NA,NA
South Dakota,Other- pest!s/p_aras_i.tes,2015,0.9,11.1,7.3,3
South Dakot.a,O#ther pe)sts/pa*rasites,2016,NA,6.6,19.5,5.3
%South% Dakota,Ot@h*e^r .pests/pa%rasi$t-e.s,2017,NA,1.4,13.4,0.1
South Dakota,Other p@ests&/paras_ites,2018,0.1,42.2,32.9,1.3
South Dakota,Oth)er pe+sts/p&ar$asites,2019,NA,NA,3.5,6.1
South Dakota,@O^t)h^er pest_s/p.a@r$a$si%tes,2020,0.1,31.4,7,1.4
South Dakota,Oth$e$r_ pests/&p.ar_a!si-tes,2021,NA,12.6,NA,NA
Sout*h $Dakota,Pes-ticide*s,2015,0.5,2,7.1,7.1
Sou.th Dakota,Pes-ticides,2016,NA,5.1,22.7,6
South Dak+ota,Pestic*ide-s,2017,NA,9.7,10.1,4.4
South% Dako(t)a,@Pes@tic.ide+s,2018,NA,4,8.5,1.6
South Dakota,P_estic+i@d&e@s,2019,2.5,NA,14,5.6
South Dakota,^Pest*ic&ides,2020,2.1,0.4,64.9,4.5
South$ Dakota,Pesti@cid)es,2021,NA,4.2,NA,NA
S_outh Dakota,-U^n+know$n,2015,1.8,1.5,5.7,4.1
S!out)h Dakota,Unknown,2016,0.3,0.1,2.8,0.3
South Dakota,&U%nkno+w+n,2017,0.3,3.6,2.5,2.7
South Dakota,U$nknown,2018,0.1,NA,1.6,2.5
#South Dakota,Unknown,2019,2.2,NA,1.5,1.5
South Da$kota,Un)k&n#own,2020,0.3,5.3,2,1.8
South Dakota,U$nk^nown,2021,0.8,0.8,NA,NA
South Dako^t.a,(Varro-a mit$es,2015,1.2,9.8,22,16.8
-South Dakota,(Var@r+oa m@ites,2016,0.2,32.4,48.8,48.9
South Dak_ot#a,Varroa !m(ites,2017,2.9,20.9,47.4,17.3
@South) Dakota,Va#rro*a !mites,2018,4.4,53.3,54.7,12.8
South* Dakota,V-arroa m$it-es,2019,0.8,NA,10.4,12.2
South Dak^ota,Varr&o_a mites,2020,14.7,53.4,87,22.6
South Dakota,Varroa mite$s,2021,8.6,51.8,NA,NA
)Tennessee,Disesases,2015,NA,1.8,0.5,NA
Tennessee,Dises@as)es,2016,0.2,0.1,1.3,NA
Tenne$ssee,Dise@sas$es,2017,0.9,1,2.1,0.2
Tenne%ssee,.D)is_esases,2018,2.3,3,0.7,1.9
Tennessee,Di(sesa.s^e%s,2019,5.1,NA,0.2,NA
$Tennessee,Dise_sas$es,2020,1,0.2,2.3,NA
T(ennessee,D)i(se-sase.s,2021,1.4,NA,NA,NA
Tenn&ess*ee,Oth-er,2015,13,2.6,2.2,7.1
Tennessee,Ot(her,2016,10.1,9.1,6.2,2.2
Tennessee,Othe+r,2017,8.1,10.4,5.3,7.5
Tenn$essee,Ot$h#er,2018,13.2,6.2,5.6,9.1
Tennessee,Othe#r,2019,7.7,NA,11.5,7.6
Tenness+ee,Oth.er,2020,4.1,3.3,2.4,2.1
Tennessee,Othe)r,2021,2.6,3.1,NA,NA
Tenne_s!see,Ot+her pests/p(arasit+es,2015,17.1,26.3,38.4,28.3
T(ennessee,Other pe_st*s/&par^as^it-es,2016,7.1,22.7,23.1,21.6
Tenne*ssee,&Oth)e$r pes.ts/p)ar(as+ites,2017,12.6,24.9,22.1,18.9
Tennessee,Ot&her pe*sts/par+asites,2018,20.4,22.9,53.2,20.8
Tenne+sse!e,%Other pes(ts(/!par^asites,2019,23.6,NA,23.3,53.5
T.en^nessee,%Othe)r _pests/para&sit(e&s,2020,17.3,7.8,15.5,25.4
Tennesse)e,O(t+h(er pes*ts/.pa(ra$s@ites,2021,5.2,10.3,NA,NA
Tennes!see,.Pesticide^s,2015,NA,9.8,4.8,4.6
Tennessee,P$es@ti$cid+es,2016,3.7,0.4,2.4,1.1
Ten!nessee,%P)es)ticide!s,2017,2.4,3.1,6,2
+T_ennessee,Pesticides,2018,3,3.4,13.2,11.4
Tennesse!e,P)esticid^es,2019,0.9,NA,9.1,33.6
Ten)nessee,Pes%ticid.e^s,2020,NA,6.8,0.5,5.1
Tennessee,Pe&stic#i&de^s,2021,0.8,2.4,NA,NA
Tennessee,Unknown,2015,4.4,3,1,3.6
Tennesse+e,Un^known,2016,10.9,2.6,2,3.1
Tenn@essee,Unknown,2017,7,3.9,6.9,15.3
Tennessee,U!nknown,2018,19.7,2.5,2.1,5.1
Tennessee,Unk%nown,2019,7.1,NA,1.5,9.1
Ten%nesse-e,Unknown,2020,7.8,3,2.2,5.2
Ten+nessee,&Un-know.n,2021,8.9,NA,NA,NA
Tennessee,V-arr*o)a% mites,2015,22.2,47.8,50.8,43.6
Te&nn!e(ssee,V$ar$roa^ mi+tes,2016,19.7,40.9,22.5,19.9
Tennessee,Va*rroa@ m%ites,2017,28.6,47.4,42.8,22.8
Tennessee,&Var(ro&a. .mites,2018,29.2,30,70.6,49.8
Tenn@essee,Va^rr_oa% +mit)e^s,2019,62.8,NA,51.4,66.6
Tennessee,Varr)o%a m$i^tes,2020,18.9,31.2,37.7,33.8
Tenne%s_see,@Va^rroa m^ite.s,2021,34.4,22.4,NA,NA
Texas,Dises%ases,2015,5,2.5,1.3,2.7
Texas,Dis(es.ases,2016,2.5,7.5,1.7,3.2
Te#x)as,Disesases,2017,2,1.5,0.1,7.1
)Texas,Di*se%sases,2018,4.8,7.9,0.4,5.5
Texas,Dise@sa*s.es,2019,5.3,NA,4.4,4.6
Texas,D@ise!s&ases,2020,1.3,3.3,2,NA
T(exas,Disesas-es,2021,1.6,NA,NA,NA
Texas,O-ther,2015,2.3,7.4,4.7,2.2
Tex)a#s,O%t_her,2016,4,7.4,3.7,2.8
&Texas,!Othe@r,2017,3.5,2.9,18.3,3.8
Texas,Ot+her,2018,1.7,8.3,2.8,6.2
Texas,@Other,2019,6.9,NA,7.2,5.8
Texas,Other,2020,5.2,5.7,1.6,5.7
T%exa^s,Ot@her,2021,7.7,5.7,NA,NA
Texas,-Other) pe.s-ts/p)ara)s+ite@s,2015,12.2,22.9,26,8.7
Texas,^O%t@he@r pests/+para(s-ites,2016,10.6,9,11.4,17.5
T#exas,$Ot(her% pests*/par!asites,2017,22.5,16.6,23,21.4
Texas,Ot$her& +pes+ts/-p.arasi^t!es,2018,10.1,17.4,4.4,18.5
Te(xas,Other (p.es+ts-/%par&asites,2019,6.5,NA,18.3,14
@Tex(as,Other( pe@st^s/pa+rasite%s,2020,6.8,7.7,13.6,6.5
T^exas,%Ot(her pests/paras)ite@s,2021,13.8,3.4,NA,NA
Texas,_Pe+s)t%icid*e*s,2015,11.1,6.6,19.4,5.4
Texas,^Pe-sticide*s,2016,10.2,2.4,31.4,3.6
T(exas,Pesti#c#id@es,2017,5.1,12.5,24,2.9
Texas,Pesticid&es,2018,0.2,4.4,6.2,3
Texas,(Pestic.ide^s,2019,8.3,NA,11.5,4.9
Texa!s,Pe)s(ti)ci^d$es,2020,3.4,4.6,6.7,5
Texa$s,Pestic_ide+s,2021,6,11.5,NA,NA
Texas,U)nk!no)wn,2015,6.2,3,5.2,8
Texas,Unknow%n,2016,2.7,3.7,4.1,1.4
Texas,U-nkn.o(wn,2017,3.6,1.1,1.5,5.2
Texas,Un+known,2018,10.3,14.3,0.9,3.7
Texas,Un&known,2019,3,NA,2.1,1.4
Te!xas,U#nkno%w*n,2020,4.6,5.8,0.6,9.6
Texas,Unk%nown,2021,NA,NA,NA,NA
T+exas,(V$arr.oa mi%te^s,2015,21.5,19.3,30.7,20.9
Tex+as,Varro+a (mit)es,2016,21,26.1,47.2,33.1
Texas,(Varro)a- mite@s,2017,36.2,28.8,33.7,33.9
.Tex^as,V!arroa #mite@s,2018,21.5,26,18.8,18.6
Texas,Varroa- mite*s,2019,26.1,NA,21.9,23.1
#Texas,)Va(rroa mites,2020,12.2,30.2,20.2,27.4
Texas,*Va%rroa mites,2021,18.5,38.1,NA,NA
)Unit!ed States,D%isesases,2015,3.1,4.9,8,5.2
Un#ited .State^s,(Di#s)es%a$ses,2016,6.2,9.5,6.7,8.3
U-nited St@ates,Dises(as^es,2017,7.1,4.3,4.8,9.4
United St$at_es,Disesases,2018,4.3,11.4,6.4,10.4
United States,Dises*a+s(e#s,2019,7.1,NA,8.5,5.4
Unit*ed St%a_tes,Disesases,2020,4.4,5.5,6.1,6.8
Un(it!ed Stat-es,^Dis*e_sas+es,2021,2.2,5.5,NA,NA
United Sta@tes,O)ther,2015,6.9,11.6,8.8,7.3
United States,%Other,2016,7,12.3,9.3,10.1
United St*at-es,^Other,2017,7.2,6.6,11.6,11.1
United States,$Other,2018,8.7,14.4,13.9,8.4
United! States,Ot^h&e#r,2019,9,NA,11.9,8.6
Unite@d $S.ta#tes,O)ther,2020,5.6,10.8,13.8,4.1
Un#ited States,+Other,2021,6.5,11.3,NA,NA
United State#s,*Ot&her $pest&s/_parasites,2015,8.6,19.5,17.6,11.4
U!nite$d States,Othe.r pe+s+ts/parasi(t!es,2016,12.6,16.3,15.6,16.9
U$nited S%tate@s,O^th$er pests/parasi@t#es,2017,15.6,11.7,15,18.9
United States,Ot*her pests/+parasit+es,2018,12.7,19,15.2,20.3
United# St%at-es,O(ther@ pe_sts/+parasites,2019,14.8,NA,13.4,15
Unit^ed #States,Oth-er% pest!s/p#arasi@tes,2020,8,12.2,12.8,11
United Stat%e^s,O)th&er _pests/p%ar&a%sites,2021,8.8,12.8,NA,NA
United States,P-e.s$t@ici.de!s,2015,7.4,16.6,15.2,9.5
U!nited States,Pesticide)s,2016,10.5,12.4,15.1,9.4
Unit.ed- State.s,Pesti(cides,2017,8.9,12.9,10.9,15
United States,&Pe^stic$ides,2018,10.3,13,15.7,13.8
Unit.ed States,Pesti&ci*de&s,2019,13.6,NA,13.6,10.9
*United States,Pe-stici!de-s,2020,5,6.1,21.7,8
U^nited Stat.es,!Pe@s$tic!ides,2021,6.3,12.3,NA,NA
Un.ite%d Sta^tes,Un(known,2015,4.3,3.5,4.8,6.9
U+n.ited States,Unk#n_o%wn,2016,5.4,4.1,4.5,6.4
&United States,_U+nk+now-n,2017,7.4,4.4,4.9,7.6
United S!tates,Unknown,2018,7.2,9.1,4.7,6.5
U$ni!ted States,Unknown,2019,5.2,NA,4.5,5.3
Un&ite#d States,^Unknown,2020,5.4,5.2,4.1,6.3
Unit!e$d St*ate(s,.U_nkn_own,2021,3.3,3.9,NA,NA
United States,Varr^o#a !mi-tes,2015,25.2,43.4,41.2,37
United St(ates,.Varro-a m@ites,2016,34.3,53.4,46.1,46.6
United States,-V^arr.oa m*i_tes,2017,42.2,41.6,45.5,55.3
United States,&Va!rroa mite!s,2018,40.8,53.4,53.8,50.5
United S(tates,Varr.o-a m&i%tes,2019,45.6,NA,44.1,45.7
U!ni+ted !States,Varroa @mites,2020,25.5,42.3,55.7,48.6
Un(ited States,Varroa mites,2021,31.3,48.7,NA,NA
Uta_h,Dis#esa+s@e(s,2015,0.1,1.5,41.6,6.4
Utah,D+ise!sa!se(s,2016,0.1,1.8,0.6,0.2
Utah,Di(s%es_as_es,2017,0.1,0.2,0.5,11
Utah,Dis@esases,2018,0.1,2,0.1,5.5
$Uta)h,Disesases,2019,0.1,NA,5.5,2
Utah,&Dises&ases,2020,17.1,0.3,NA,NA
Ut_ah,Disesases,2021,NA,10.4,NA,NA
Utah,Other,2015,3,5.6,3.6,4.4
Utah,Other,2016,1.9,3.4,2.5,0.7
U*tah,*Oth-e(r,2017,2,10.9,15.9,9.4
Utah,Other,2018,0.1,1.4,1,6.5
Utah,.Ot_he*r,2019,0.3,NA,0.6,0.2
%Utah,Ot^her,2020,15.7,0.1,3.7,0.7
Uta@h,Other,2021,1,NA,NA,NA
#Utah,(Ot$her p-e$st@s#/par)as+ites,2015,0.9,10.8,25,9.1
Ut)a.h,Othe_r *p.e^sts_/%parasite@s,2016,7.6,0.1,20.2,0.1
U#tah,.O@the.r pests/par$a.s)i*tes,2017,NA,1.1,0.1,8.9
Utah,Othe)r pest*s-/%par@asite!s,2018,NA,3.7,15.5,9.8
Utah,)Othe-r_ ^pests/pa!ra*sit!es,2019,NA,NA,4.9,2
Uta)h,Ot@her@ -pest%s/paras*it_e)s,2020,17.2,NA,NA,NA
Utah,O%t+h!er @p.ests/par-as.ites,2021,0.9,25.8,NA,NA
Utah,Pestic!ides,2015,4.4,12.3,33.6,0.2
Ut)ah,Pe@s*t$i(cides,2016,0.4,7.3,21.8,0.9
Ut@ah,P^esticides,2017,NA,0.1,16.7,9.2
Utah,Pesticides,2018,NA,1.7,0.2,8
Utah,Pe(stic(ides,2019,NA,NA,0.2,10.3
U)tah,Pest%icides,2020,2.3,13.1,31.6,6.8
Utah,Pe#s*ti!c)i$des,2021,2.4,18.7,NA,NA
Utah,Unknown,2015,0.5,1.2,0.1,0.4
Ut+ah,Unkno!wn,2016,0.6,0.8,1.7,0.3
Utah,Unknow$n,2017,0.3,NA,9.1,19.8
Utah,Unkn$ow)n,2018,0.5,1.9,0.7,4.9
Utah,#Unknown,2019,8.8,NA,4.6,0.3
Utah,Unknow#n,2020,22.4,7.7,3.9,17.6
Utah,Unkno-wn,2021,11.2,1.4,NA,NA
Uta_h,Va-rro.a mites,2015,13.6,27.2,40.1,75.8
Uta.h,Varro^a !mi-t+es,2016,28.8,23,32.1,26.4
U.tah,V(ar.ro^a mites,2017,38.7,32.2,40.5,24.3
U-tah,V#arroa+ mit.es,2018,18.7,43.5,34,48
Uta!h,Va#r(ro@a m.it!e_s,2019,22.9,NA,29.4,22.1
Utah,Varroa^ mites,2020,38.9,38.4,61.7,49.5
U^tah,Varroa% .m#ite^s,2021,45.4,40.1,NA,NA
Vermont,)Disesas+es,2015,NA,0.1,NA,0.9
Ver.mont,Dis$es$as$es,2016,0.3,0.1,1.7,41.2
Ve#rmont,D+is#esases,2017,2.1,0.3,4.7,22.1
Vermont,Di^se*sa.ses,2018,0.3,0.7,4.3,NA
Vermont,D&is^esas$es,2019,2.4,NA,0.7,0.6
Verm!ont,Disesases,2020,0.6,0.1,0.9,0.5
Vermont,Dis%es)a-ses,2021,3.7,NA,NA,NA
Ver+mont,@Ot&her,2015,5.8,1.3,0.4,0.4
Vermont,O%t(her,2016,0.5,0.3,2.4,0.4
Vermont,Ot*h!er,2017,0.9,0.2,7,5.7
.Vermont,O&th$er,2018,2,1.8,0.3,0.8
Vermo_nt,Othe*r,2019,0.2,NA,0.5,0.6
Vermont,Oth-er,2020,2,1.1,0.9,0.6
-Vermo_nt,O.t_her,2021,10.1,0.5,NA,NA
Vermont,Other+ #pes-ts/p@a!ra%s-it.e^s,2015,5.6,1.9,0.5,16.8
Vermont,Other +p%est-s/par_asi-tes,2016,NA,0.1,8,41.3
Ve*rmont,O*t^her& pests&/p#aras^ite*s,2017,0.7,0.3,9,44.5
Vermont,Ot^h+e)r$ p^est)s/parasi^tes,2018,1.2,1.5,4.9,1.3
Ve*rmont,)Othe&r pests/+pa(rasi!tes,2019,0.1,NA,4.3,1.3
V#erm%ont,O*ther! pests/+par(asites,2020,0.8,0.5,0.7,NA
Vermont,$Oth$er* p!ests/para_site&s,2021,NA,NA,NA,NA
Vermont,Pes*ticides,2015,NA,NA,NA,0.6
Ve+rmon$t,Pe%st*i+c&ide!s,2016,NA,NA,NA,41
Ve!rmont,Pesti$cid+es,2017,0.2,NA,NA,55.2
Verm%ont,-Pestic%ides,2018,0.6,16.7,24.1,NA
Vermont,)Pesticides,2019,NA,NA,NA,0.8
Ver+mont,Pestic$ides,2020,0.9,NA,3.8,NA
Vermont,Pesti*cide.s,2021,NA,NA,NA,NA
Verm(ont,Unk)n.o)wn,2015,4.9,0.1,NA,15.6
Ve+r^mont,Unkn-own,2016,1.7,0.1,0.8,NA
Vermont,U^nk!nown,2017,2.1,0.5,0.7,1.8
Vermont,+U!nk#no$wn,2018,0.8,0.1,NA,0.7
Vermont,.Unk-no-wn,2019,1.2,NA,0.1,0.9
V)er-mont,*Unknown,2020,3.1,NA,NA,NA
&V@ermont,+Un-know)n,2021,NA,NA,NA,NA
V_ermont,+Va@rroa #mi$tes,2015,2.3,3.7,22.7,57.1
Vermont,Var&ro(a mites,2016,1.3,2.6,5.6,44.5
Vermont,#Varr)oa! m^ites,2017,6,3.3,16.8,96.6
Ver!mont,$Varroa% m+ite+s,2018,17,21.8,29.3,6.2
Vermont,Va)r$roa mi.tes,2019,6.2,NA,22.2,21
Vermont,V+arroa_ mi(te-s,2020,9.1,10.7,26.6,10
Ver$mont,(Varr)o!a m!i_t.es,2021,21.1,28.8,NA,NA
Vi#rginia,D_is^esases,2015,2.3,1.8,1.3,0.4
Vir*ginia,Di)s@esas&es,2016,NA,6.8,1.1,2
Virg&inia,Dises)ases,2017,2.8,1,1.5,1.3
Virginia,D^i*sesa$ses,2018,0.3,3.2,2.6,12.1
Virginia,Dise)sas*e.s,2019,0.8,NA,0.9,0.4
Virgini+a,^Di$sesa&ses,2020,0.3,0.3,NA,1.6
Virginia,@Disesase%s,2021,NA,3.6,NA,NA
(Virginia,Other,2015,9.8,3,3.5,5.8
Virginia,Other,2016,5,7.3,5.3,1.8
Vi@rgi+nia,!O(th-er,2017,7.4,1.9,4.4,6.9
Virginia,Ot*her,2018,7.7,23.3,11.6,5.8
Virginia,+Other,2019,3.9,NA,2.7,5.3
Virgini#a,&Othe@r,2020,3.8,7.9,4.1,5.4
Virgini-a,Other,2021,3.9,2.7,NA,NA
Virginia,Ot%he$r_ pest.s/p_a+rasites,2015,9.4,13,14.2,17.2
Virgi%nia,Other pes)ts@/par%as%ites,2016,7.2,4.2,24.1,19.9
Virg#inia,Other pest$s/parasite.s,2017,12.8,19.1,26.5,20.6
Vir(gi@nia,Othe@r p$es!ts/@p+ar^asites,2018,11.3,19,28.5,38.4
Vir$ginia,!Other$ pe#sts/parasites,2019,12.8,NA,18.3,18.6
Virginia,*Ot*her p!ests/par%asites,2020,10.6,7.9,8.3,13.6
Virg(inia,Ot&her( pe!sts/pa_rasit+es,2021,1,6.3,NA,NA
Virginia,Pesti%ci^de#s,2015,NA,0.2,3.7,NA
Vi.rginia,.Pe-sticides,2016,0.4,6,2.3,NA
Virginia,Pe)stic&ides,2017,3.2,5.3,0.5,7.5
V&ir$ginia,Pes(ti(ci-des,2018,3.9,1.2,7.7,13.1
Virginia,&Pe(sticides,2019,0.3,NA,1.3,NA
Virginia,Pestic%i@d(es,2020,0.3,0.4,NA,2
Virgin)ia,Pe^st-icid@es,2021,1.9,2.1,NA,NA
Vi.rgini(a,_Unk@now#n,2015,11.9,4.5,8.9,10.4
Virginia,U$n(kn@own,2016,3.8,2.9,3.6,5.1
V$irginia,Un@kn%own,2017,8.4,4.8,1.6,3.9
Vi)rg%inia,Unkn.own,2018,16.3,1.5,1.7,2.8
Virgini+a,+Unknow&n,2019,9.3,NA,3.1,6
Virginia,)Un^kn@own,2020,3.5,1.1,5.8,2.9
Vi#rgini!a,@U*n%kn-own,2021,4.9,3.7,NA,NA
Virginia,Varroa !mi&tes,2015,19,26.2,29,26.3
Virginia,%V#ar)roa^ )m*ites,2016,32.7,23.1,39.1,31.4
Virginia,Varr#o(a !mi)tes,2017,21.4,19.8,50.3,20.9
Virginia,Varroa mit_e^s,2018,26,23,39,57.1
Virginia,V(arro*a+ mites,2019,16.6,NA,37.9,37.7
Virg!inia,Varro*a mite@s,2020,17.5,33.7,27.5,30.3
Virginia,Var@ro(a mit)es,2021,11.9,13.3,NA,NA
Washington,^D_ises-a-ses,2015,0.3,2.2,2.3,0.1
Washington,Disesase)s,2016,1.4,3.3,0.9,3.7
Wash@ing.to_n,Dis@esa.ses,2017,NA,3.6,2,NA
W.ashington,&D(is_esases,2018,1,7.6,0.6,11.7
Washington,Di&se@sases,2019,0.6,NA,2.5,0.6
Washin&gton,^D*is(esases,2020,0.1,0.7,NA,22.9
Washingt_on,Disesa+se#s,2021,1,18.4,NA,NA
Washington,+Oth*er,2015,6,3.2,3.8,3
Washington,&Ot-h&er,2016,1.7,11.1,4.3,4.5
W@ashingt@on,*O@t#h&er,2017,8.1,3.1,0.7,0.4
Wa&shington,Ot%her,2018,0.4,7.1,9.9,3.3
Washington,!Othe_r,2019,0.8,NA,9.4,2.9
Washington,Ot%her,2020,0.2,1.3,1.3,4.7
Washington,Oth(e*r,2021,5.3,4.7,NA,NA
Washington,Ot(her pest+s@/paras&it!es,2015,0.5,0.2,3.7,0.1
Wash!ington,#Other p^e&s#ts/par#asit_es,2016,11.3,11.4,1.4,4.6
W(ashington,Ot^h-er p-ests/par@asites,2017,0.1,4.7,2.7,6
^Washington,Oth.er p@ests/p.a-rasites,2018,0.9,9.4,0.6,0.5
Washington,@Other p^e%sts/parasites,2019,0.8,NA,0.9,2.3
#Wash(ingt^on,O%ther. pes)t#s/p_a.rasite)s,2020,0.1,NA,NA,20.2
Washing%ton,Other^ p#e^st$s/pa&ras#i(tes,2021,2.4,19.1,NA,NA
@Washin_gton,Pestici@des,2015,3.6,2,1.4,0.3
Washington,Pest&i#cides,2016,1.7,3.1,19.1,9.1
Washington,Pes$ticides,2017,NA,6.7,1.2,0.3
Washin(gto&n,P*e%s%t_i&c_id#e^s,2018,1.9,7.6,2.7,4.9
Wash(i@ngton,P^e#sticides,2019,0.3,NA,4.6,19.6
W(ashington,Pe_st%icides,2020,0.5,1,10.5,2.6
W$ashington,Pe*st$ic-ides,2021,NA,1.2,NA,NA
Washing(ton,@U_nknown,2015,1.1,0.5,0.3,1.5
W+ashingto(n,Unknown,2016,5.4,0.6,0.1,0.3
Washi_ngton,Un@kn-o$wn,2017,4.4,0.4,2.4,0.2
W#ashi@ngt%on,Unk)n^own,2018,0.4,0.6,2.8,1.3
Washing^ton,+Un(k.no+w$n,2019,0.2,NA,0.3,3.2
Washington,Unknow@n,2020,0.3,0.4,0.6,4.4
Washington,Unkn&ow%n,2021,NA,NA,NA,NA
Washington,Var!roa mi%tes,2015,21.5,48.7,45.6,6.9
Washin%gton,(Var$roa mit!es,2016,21.6,40.9,65.2,21.4
Washin_gton,(Var)roa mites,2017,6.8,19.5,23.7,21.7
#Wash.ington,Va)rroa m%i(tes,2018,8.5,55.9,7.1,34.5
Washington,Var*roa) mi(tes,2019,22.3,NA,47.3,40.3
Washington,V%ar+roa m@ites,2020,1.7,10.6,19.2,25.5
Washington,%Varroa$ %mi(tes,2021,15.5,31.7,NA,NA
We^st Virginia,D@i+se*sases,2015,2.2,0.6,1,1.3
Wes_t Virg&inia,Di^se+s!ases,2016,1.1,4.2,3.6,1.1
West Vir_g#inia,Dise(s*as@es,2017,0.2,1.7,1.4,2.4
West% Virginia,Di#se-sa_ses,2018,2,0.9,0.3,0.6
West Virgini!a,D(isesases,2019,1.1,NA,0.7,1.1
W@est! V(irg%inia,Disesases,2020,1.3,0.7,4.7,NA
West &Virginia,Dises)a_s$es,2021,0.7,1.1,NA,NA
)West V$irginia,O_t-h+er,2015,14.6,4.6,3,8.2
)West Virginia,Ot$her,2016,6.9,14.7,8.1,4.3
West Virg%inia,Other,2017,11.9,3.6,9.5,7.8
W*est Virginia,Othe^r,2018,20.8,13.6,6.8,4.2
West Virginia,Oth&e$r,2019,5,NA,6.9,6.1
We%st. Virg)inia,Ot$her,2020,2.6,2.8,1.7,4.5
West V-irginia,Oth-er,2021,1.2,1,NA,NA
West$ Vi&rginia,Oth+er #p.ests^/p^arasites,2015,7.3,8.3,5.3,4.5
West Virginia,+O.the)r- p.e*sts/pa$ra(site_s,2016,2.9,0.8,7.1,2.3
West Virginia,Oth-er p&es_t%s/parasites,2017,1,1.5,6.2,5.3
Wes+t Virgin.ia,O_th^er p%ests/para#sit+es,2018,8,7.5,52.6,15.2
We!st Virginia,O%the+r +pests+/pa#rasites,2019,3.2,NA,10.7,10.7
West Virginia,Ot^h$er p(ests/p$ar$asi%tes,2020,7,1.8,10.1,4.3
West Virginia,Ot+her pests/parasi.tes,2021,3.4,3.9,NA,NA
West *Virginia,Pesticid.e*s,2015,2.1,2.7,1.5,3
W+est Virg+ini%a,Pesticid!es,2016,0.6,NA,0.1,1.1
Wes+t !Virginia,Pesticid.es,2017,NA,0.4,0.6,0.1
.We@st V*irgin-ia,Pes%ticides,2018,3.4,2.9,0.3,7.2
W-est V!i+rgin)i(a,Pest*ici^d@es,2019,0.2,NA,2.7,0.4
West Virginia,(P#estici_des,2020,0.6,0.5,4.7,1
West Virginia,Pesticides,2021,2.6,NA,NA,NA
West Virgini-a,Unk+nown,2015,6.1,4.4,1.1,0.6
West Virginia,Unk@now&n,2016,6.5,0.7,0.4,2.8
West Virginia,Unknown,2017,1.3,1.6,3.8,3.6
We!st( Virginia,U*nknown,2018,4.9,7.9,2.1,6.8
West Virginia,Unk)n^own,2019,1.3,NA,0.3,2.2
West Vir*g_inia,@U%n!kn%o!wn,2020,0.3,1.9,2.6,1.1
West Virgin&ia,Unknown,2021,3.3,2.2,NA,NA
West Virgin%ia,Va(rroa mites,2015,18,15.6,21.7,18.8
West Virginia,Varro*a_ _mit+es,2016,21.9,20.1,41.5,23.8
West Virgin_ia,!V*ar$roa mit)es,2017,15.8,11.5,23.2,60.1
West& Virginia,V)arroa mites,2018,15,13.8,57,29.5
@We&st Virginia,)V_ar$ro_a( mites,2019,10.3,NA,33.7,65.8
.West V-irginia,(Va(rroa mites,2020,17.3,46.2,17.7,7.2
West V_irginia,$Varr&oa mit*es,2021,13.7,5.2,NA,NA
$W#isconsin,&Dise@sas#e)s,2015,2.7,1,8.3,2.5
Wis%consin,(Disesases,2016,1,12.8,10.8,10
Wisconsin,Di^ses_a+ses,2017,1.1,1.7,18.5,33.1
.Wisconsin,%Di!sesases,2018,1.2,17.8,2.6,1.5
W(isc+ons_in,$D(i.sesas!es,2019,0.7,NA,13.9,14.8
Wis)cons^in,Di&sesases,2020,0.4,25,12.9,NA
Wisconsin,Dis%es(as@es,2021,NA,1.1,NA,NA
@Wisconsin,Other,2015,8.3,15.2,12.6,6.6
Wisconsin,Ot*her,2016,8.8,14.9,5.1,10.6
W$isconsin,Other,2017,4,2.5,13,15.3
Wisconsin,$Othe^r,2018,3.6,29.1,6.1,7.6
Wisco@nsin,O_ther,2019,13.8,NA,6.5,22
Wisconsin,Ot&her,2020,2.7,25.8,13.8,1.8
Wiscon-sin,Other,2021,3.6,1,NA,NA
Wisconsin,Othe$r #pests/pa(ras*i$te$s,2015,1.6,5.6,20.1,15.6
Wisconsin,Ot$he-r pes%ts/parasi!te_s,2016,1.5,3.7,13.6,12.2
Wisconsin,O%ther pests_/p@ar-asite&s,2017,1.9,1.6,21,36.9
W*iscons%i%n,Other pest%s/p)a-ra%site)s,2018,3.7,16.2,32.7,28.3
Wisconsin,O-ther p_ests/.parasi)tes,2019,3.2,NA,20.5,22.1
Wisco#ns$in,!O%t+her pe%sts+/paras#i#t-es,2020,1.9,27.3,22.8,0.6
Wiscons+in,Ot!her @p_ests/p^arasites,2021,NA,17.8,NA,NA
W&is-consin,P@e#sti-c.ide%s,2015,8.5,8.2,20.9,21.9
Wisconsin,@Pe*sti(ci.des,2016,12.2,12.6,15.8,10.6
Wisconsin,P*es$ti@cid+es,2017,2,2.1,21.8,22.8
Wisconsin,Pesticides,2018,1.5,26.6,19.5,24.5
Wiscons^in,#P(est_icides,2019,1.1,NA,18.1,14.1
Wis)c-onsin,@Pesticides,2020,NA,25.1,26.1,7.4
Wisco#ns)in,Pes_ticid.es,2021,NA,22.3,NA,NA
Wisconsin,-Unk.nown,2015,5.8,2.3,13.5,21.4
%Wisc&o(nsin,Un.kno*wn,2016,9.4,10.5,11.1,46.2
Wisconsin,U&nkno$w!n,2017,10.5,0.3,12.1,15.2
W&isconsin,)Unknown,2018,3.7,0.9,4.3,5.2
Wisco.nsin,&Unk.nown,2019,5,NA,3.9,7.3
Wi%sconsin,Unkno@w(n,2020,3.1,26.1,20.4,1.2
Wisconsin,U^nknown,2021,3.2,2,NA,NA
Wisconsi)n,V+a+rroa mit.es,2015,18.8,35.3,47.3,49.4
W(iscons^i#n,*V)arro#a mites,2016,22,23.4,31.5,69.3
Wi*sconsin,Varroa) m&ites,2017,19,13.7,61.6,53.1
Wisconsin,)Va$rroa mi(tes,2018,14.1,32.8,54.4,29.9
Wis-cons&in,Varroa mites,2019,15.9,NA,46.4,40
)Wisconsin,V(ar#roa *mi*tes,2020,9,46.1,43.1,29.3
W&i@s.cons)in,V)arro#a. mi%tes,2021,16.1,14.9,NA,NA
Wy.oming,Dise)sases,2015,NA,0.8,6.4,6.6
Wyoming,^Disesases,2016,0.2,1.2,0.5,3.1
Wyoming,)Disesa&ses,2017,0.2,11.6,9.3,8.4
Wyoming,Disesases,2018,0.1,2.4,2.2,2.6
Wyoming,Disesases,2019,0.1,NA,3.3,3.2
Wyoming,Di@sesases,2020,0.1,0.1,0.7,NA
Wyo#ming,D#is(esa^s!es,2021,NA,NA,NA,NA
Wyomin+g,Oth$e+r,2015,0.7,8.3,2,11.3
Wyoming,O!t%her,2016,1,2.5,3.4,1.1
Wyo_ming,Other,2017,0.6,7.4,5.6,8.1
Wyoming,Ot.her,2018,2.1,2.9,3.3,1
Wyoming,Ot$h%er,2019,0.5,NA,6.3,4.3
&Wyom^ing,)Other,2020,0.8,3.5,1.8,2.2
W$yoming,Other,2021,3.3,1.5,NA,NA
Wyoming,Ot.he+r^ .pe-st!s/p.arasit%es,2015,NA,17.9,11,3.3
Wyoming,Other pes^ts/-p@aras)it^es,2016,0.5,2.6,3.1,1.6
Wy%om*ing,%Othe^r- p$e@s)ts/pa&r+asites,2017,NA,3.3,1.6,2.4
Wyoming,(O-t%her pest@s/parasites,2018,0.4,0.1,2.8,7.9
Wyo^ming,O.th&er& pes&ts/parasites,2019,NA,NA,0.4,12.3
Wyoming,Ot)he!r- pests/para-site+s,2020,0.1,NA,NA,NA
Wyoming,Other +pe_st_s$/!parasi(tes,2021,NA,0.9,NA,NA
Wyoming,.Pes(ticid+e&s,2015,NA,3.6,3.4,10.5
)Wyoming,)Pes(ti-cides,2016,3.3,0.6,2.6,5.2
Wyoming,@Pes_ticides,2017,NA,2.6,4.4,5.9
Wyoming,Pes%ticid@es,2018,NA,2.3,9,6.8
Wyoming,%Pe$stic(i)de$s,2019,NA,NA,2.2,NA
Wyoming,.Pestic_i(des,2020,NA,1.1,5.9,2.4
Wyo.ming,Pes(ticide%s,2021,NA,6.9,NA,NA
Wyoming,Unk*nown,2015,NA,2.4,0.4,3.9
Wy)o!ming,-Unknown,2016,1.6,0.8,0.3,NA
Wyoming,U*n)know!n,2017,NA,2.1,5.2,0.6
^Wyoming,U@nkn$ow$n,2018,1,4.2,4,1.4
Wyoming,_Un)k+nown,2019,2.3,NA,2.5,13.2
Wyoming,Un(kn+o%wn,2020,1.7,1.2,0.9,1.4
Wyoming,$Unk@nown,2021,7.9,2.4,NA,NA
Wyoming,V.ar-roa mi&tes,2015,0.9,19.1,28.5,45
W$yoming,Varr.oa! mites,2016,NA,7.1,38.6,32.2
Wy+o(ming,V+a(rr+oa m@it(e.s,2017,0.2,37.8,21.8,38
@W-yomin%g,_V$ar!ro_a )mite!s,2018,0.9,11,35.4,43.9
W*y-oming,Va+r.r$oa_ ^mite&s,2019,0.7,NA,45.7,27.6
Wyomi.ng,Varroa mites,2020,0.2,28.8,13.4,19.2
Wyoming,!Varro#a@ m^ite$s,2021,NA,8.3,NA,NA
